Date,Open,High,Low,Close,Volume
20170927,622.8402,663.8783,610.9307,651.6339,34610637
20170928,642.02,660.004,631.4018,656.1298,4535542
20170929,655.2688,657.8517,648.2379,650.6772,1367676
20171003,647.7118,658.5692,644.842,654.7906,1752630
20171004,651.9208,657.0386,650.2467,652.1121,545357
20171005,646.7552,651.3947,636.2805,637.2849,486144
20171006,636.137,650.9643,634.2238,650.486,568793
20171009,640.9199,656.2255,640.9199,654.2645,647645
20171010,650.4858,660.0518,650.4858,656.6559,750266
20171011,653.9297,659.9563,653.9297,657.6126,351011
20171012,652.5904,671.531,652.5904,669.9526,938808
20171013,663.1129,670.5744,663.1129,664.8826,239411
20171016,661.5346,667.2263,644.9854,665.9349,237478
20171017,664.8349,688.6542,660.2433,687.0758,962237
20171018,680.3795,689.515,673.2528,684.2059,338460
20171019,678.8012,691.6196,677.3184,690.8543,154703
20171023,679.1837,683.9667,660.0518,663.0172,450439
20171024,663.0651,674.4008,655.5558,665.9827,643340
20171025,665.9827,669.5699,646.229,653.6426,1108214
20171026,650.3388,660.7772,650.3388,655.9411,221326
20171027,653.1159,655.9888,650.2908,653.9778,342918
20171030,651.1049,656.9465,647.1306,651.3922,287901
20171031,646.556,659.8194,645.9335,648.3276,949376
20171101,648.3276,656.9465,648.2319,651.7751,200249
20171102,646.5561,659.8195,646.4124,652.1583,234604
20171103,652.1583,660.2983,642.5818,646.0294,302434
20171106,642.5819,655.2707,642.5819,652.302,186130
20171107,651.2006,654.0256,650.4345,651.4879,171495
20171108,645.5505,653.5948,645.5505,650.0515,105538
20171109,646.6997,652.1583,639.3737,650.0515,120713
20171110,641.6241,652.1103,641.6241,651.4879,114509
20171113,651.6794,657.9041,647.5616,656.4198,274626
20171114,647.37,660.7771,647.37,656.9465,208105
20171115,648.4234,658.8618,648.4234,657.3296,439900
20171116,653.5949,656.8988,641.6243,649.0461,164254
20171117,652.1583,659.8195,647.6095,656.5635,212775
20171120,654.0736,662.6924,651.4401,660.2504,189081
20171121,655.5101,677.9191,655.5101,669.4438,337085
20171122,666.523,671.3113,660.7772,666.4273,68032
20171123,664.6077,678.0148,656.8986,671.3112,91465
20171124,663.6501,672.269,663.6501,670.4494,163475
20171127,663.2669,673.2265,663.2669,670.9281,66789
20171128,665.6133,683.282,665.6133,676.1475,229161
20171129,670.8325,695.3004,667.5765,688.5011,405626
20171130,681.0793,687.0167,676.1952,684.0958,73339
20171201,679.9301,692.8584,679.9301,689.4587,143549
20171204,681.8455,693.8161,681.8455,690.2249,120194
20171205,685.0055,699.0351,678.1104,696.5452,157420
20171206,694.2948,698.1254,684.862,695.8749,101857
20171207,695.2525,713.4478,688.0701,704.015,174841
20171208,700.0407,736.4313,700.0407,733.319,727030
20171211,729.7278,737.389,718.236,732.3135,157528
20171212,729.7279,757.4518,729.7279,751.0834,261948
20171213,756.5419,756.5419,736.0962,742.2729,140986
20171214,739.3044,747.9232,739.3044,744.2363,305401
20171215,745.0502,761.0429,744.1883,757.308,179103
20171218,747.7315,768.0336,718.2838,766.1183,325541
20171219,761.3302,775.6949,752.2325,762.5751,105430
20171220,757.0209,763.8681,738.7298,743.4222,110134
20171221,745.0502,751.7537,732.6008,742.3688,160212
20171222,742.1773,754.6267,735.4737,744.4277,1273767
20171226,740.4056,756.1588,740.4056,753.0944,209738
20171227,752.7114,756.542,742.704,748.1626,124036
20171228,743.3265,761.3302,743.3265,758.6967,73414
20171229,758.4573,762.0964,733.1275,742.6561,101722
20180101,742.1773,764.2032,742.1773,761.8091,161859
20180102,753.7647,770.9066,742.1772,766.1663,221601
20180103,762.2878,769.9489,752.9028,766.4056,61608
20180104,766.1663,775.216,760.0373,773.2529,76967
20180105,768.1294,790.0117,767.8421,787.2345,93994
20180108,787.1866,814.0008,780.531,812.0376,391458
20180109,803.4666,803.4666,743.1348,752.3282,600903
20180110,744.0925,761.1386,744.0925,745.0501,156240
20180111,746.9654,764.2031,744.715,756.7813,118785
20180112,760.2289,765.0171,747.2527,756.8292,130779
20180115,755.0576,766.1663,737.4847,755.3449,139302
20180116,766.1184,809.021,756.5419,776.8441,1216523
20180117,780.7226,835.0691,780.7226,814.0487,1536781
20180118,813.0431,827.8387,794.9435,807.776,504528
20180119,799.8756,802.0303,780.4832,792.5496,110733
20180122,787.2345,821.5183,781.4408,817.4483,269449
20180123,813.0431,816.0597,791.0172,796.2364,231215
20180124,794.8479,807.2974,790.0597,801.2163,86293
20180125,790.5385,804.3286,780.4832,793.7466,59682
20180129,787.7612,814.0008,781.5365,789.0062,119794
20180130,789.102,790.5385,757.4996,769.0392,242129
20180131,761.4259,770.9066,749.9341,753.5732,255762
20180201,754.6267,803.4667,754.6267,798.3433,1190501
20180202,778.6156,802.892,754.6266,785.1276,561787
20180205,766.1184,788.5274,737.389,781.1535,115787
20180206,718.236,785.2714,717.5656,772.8698,124842
20180207,773.8275,786.7078,771.7685,784.0264,61961
20180208,784.3617,791.975,771.8644,775.3598,106731
20180209,766.1185,785.2715,761.3781,781.5366,186837
20180212,779.0945,791.8792,779.0945,788.3837,614870
20180214,777.8017,787.7612,773.1092,780.5789,268375
20180215,783.3561,785.2714,761.3302,769.2308,399369
20180216,769.2307,784.7925,769.2307,780.6746,281637
20180219,770.6194,785.7502,770.6194,784.601,108433
20180220,781.4407,790.4427,775.7427,785.1756,74057
20180221,781.4407,787.6175,775.6948,780.3394,69462
20180222,775.8864,785.2713,766.2141,774.8809,82208
20180223,775.6949,791.4482,775.6949,785.9417,170633
20180226,778.6157,789.102,771.3855,784.1222,127924
20180227,777.6101,785.2713,776.6525,781.4407,108531
20180228,781.4408,783.8349,751.7537,761.1386,250592
20180301,766.3578,775.5512,751.7537,754.2914,113061
20180305,751.7536,761.2822,740.2618,747.5399,255494
20180306,748.2104,762.2399,748.2104,760.8513,329751
20180307,754.0999,760.4203,753.4774,756.5897,284060
20180308,756.8292,770.1884,756.8292,766.8845,452558
20180309,768.9914,787.1867,765.7353,778.4721,359829
20180312,771.0983,786.7558,769.614,782.3028,555337
20180313,786.0375,800.7375,774.5936,792.6453,749989
20180314,784.6967,790.0595,768.9913,772.2473,256334
20180315,766.1185,779.0467,761.426,765.9748,98117
20180316,772.1516,775.6949,730.4939,738.5861,1956405
20180319,738.3467,761.3302,733.4148,737.8679,134624
20180320,737.2932,745.912,715.9855,725.6577,510135
20180321,725.9451,727.9083,699.1789,700.3759,920575
20180322,703.5361,708.468,687.5913,696.4974,353510
20180323,689.5065,714.4054,677.2486,709.7608,165426
20180326,708.9468,734.9949,708.9468,730.2545,220976
20180327,727.8605,765.1609,727.8126,759.9417,192715
20180328,759.9416,765.1608,754.6267,760.2289,199358
20180402,755.5843,761.3302,742.7039,750.7482,140932
20180403,737.389,760.8992,733.4627,756.4941,99682
20180404,746.9654,759.8457,742.7038,748.1146,120689
20180405,748.8808,757.9785,748.8808,755.6322,165785
20180406,756.5419,770.6193,749.168,763.7721,216310
20180409,757.4997,764.2032,708.6596,735.1865,323739
20180410,745.7204,756.5419,737.4368,748.8807,107713
20180411,747.9231,751.7537,737.4369,738.7776,65768
20180412,737.3891,744.763,730.6856,733.1276,227585
20180413,727.8125,754.6267,727.8125,747.0612,87476
20180416,737.3889,755.4884,737.3889,746.4865,56132
20180417,746.8696,750.7959,730.6853,733.2231,123909
20180418,733.5583,746.8696,733.5583,740.7407,88243
20180419,737.8678,747.0133,733.5584,740.8365,137570
20180420,745.8162,745.8162,729.8714,737.5804,181761
20180423,737.3411,737.389,724.4607,728.1476,148848
20180424,739.2084,742.225,727.9081,740.4534,141005
20180425,742.1772,743.6137,729.7278,741.2675,224505
20180426,745.8163,746.7739,719.1937,722.6412,346044
20180427,718.236,730.6854,708.6117,721.0611,153180
20180430,721.061,734.516,719.0499,727.7167,305316
20180502,720.3429,730.3982,703.967,712.4423,413463
20180503,708.6595,718.1881,702.9136,706.9836,58750
20180504,708.6594,716.3206,681.8453,689.3628,99620
20180507,692.8584,706.7443,691.1347,702.2433,92582
20180508,703.8711,723.9339,699.6574,720.9172,187341
20180509,714.4054,722.9284,707.223,716.7037,92821
20180510,718.4755,727.8125,713.783,718.2839,137555
20180511,714.4533,727.4294,714.4533,722.1624,83363
20180514,723.0243,723.5988,716.3207,718.0445,42616
20180515,709.7131,717.4222,694.5344,697.6946,57951
20180516,699.7055,708.3722,695.2524,702.7699,39390
20180517,700.9983,706.2175,695.3481,699.1309,43438
20180518,700.8068,707.7019,694.2949,700.9026,303556
20180521,694.2949,704.7811,694.2949,704.1108,58719
20180522,700.5196,706.7443,695.3004,700.9026,60260
20180523,695.5876,705.3077,695.5876,702.1475,123476
20180524,699.5618,720.247,699.5618,717.7571,160188
20180525,712.4901,718.8106,702.9136,717.1826,100093
20180528,712.4901,723.0243,692.3795,708.037,304865
20180529,705.1162,709.2341,691.9486,705.2599,196068
20180530,704.35,722.641,700.0406,710.0001,241201
20180531,701.2377,741.8899,689.9854,722.4496,300052
20180601,714.4055,714.4055,690.4643,693.3372,153948
20180604,697.9339,701.956,685.676,695.7792,89448
20180605,694.2948,708.6595,685.9633,705.1162,58852
20180606,699.5139,705.7865,692.5231,696.3537,29429
20180607,698.4128,707.702,692.9063,698.9395,55894
20180608,695.2525,703.8714,693.3373,698.748,25366
20180611,698.1254,703.8713,695.5398,702.0039,29888
20180612,698.1254,704.4458,698.1254,699.2267,31205
20180613,700.0408,703.1531,690.4643,693.9597,988721
20180614,689.5544,697.6465,678.0147,692.2358,1047318
20180615,692.2358,696.0664,678.0626,691.6613,165408
20180618,686.6336,692.3795,681.8453,685.6281,86041
20180619,680.8876,695.1087,679.93,687.2081,264191
20180620,687.1125,710.4791,684.7184,703.584,241185
20180621,707.7019,707.7019,699.1788,703.8713,63628
20180622,703.8713,703.8713,693.5287,697.6466,38435
20180625,690.6557,697.9338,679.9301,685.7238,103517
20180626,678.0148,703.8234,678.0148,691.6613,69680
20180627,689.5066,693.5288,676.0995,680.0259,25085
20180628,678.2064,679.9302,661.4476,667.385,94157
20180629,663.2669,680.8877,654.5524,667.2412,106403
20180702,664.129,681.271,658.862,677.9192,193616
20180703,675.1418,695.444,660.3462,690.0811,53274
20180704,691.9071,692.8681,679.4143,691.3305,63088
20180705,687.102,687.1501,672.6873,675.9547,46243
20180706,672.6873,704.2075,668.4109,689.3603,136471
20180709,686.1412,694.0213,672.7835,674.7536,47187
20180710,674.1289,679.7987,668.0267,674.4652,53366
20180711,670.7655,677.1079,667.8825,672.4472,43770
20180712,669.8044,687.1021,669.8044,683.4504,56607
20180713,679.4143,714.9706,679.4143,690.2734,294880
20180716,693.829,695.4146,677.4923,687.2463,36162
20180717,683.2582,724.2921,678.4533,709.9254,320964
20180718,708.0995,729.3853,702.9583,721.4091,489674
20180719,714.0096,748.605,714.0096,733.3734,1500165
20180720,732.2682,766.8635,723.1869,748.2686,700202
20180723,735.1512,766.8156,735.1512,752.4969,655129
20180724,741.3977,767.6805,741.3977,761.9627,331356
20180725,761.5783,767.8247,751.536,760.7134,330842
20180726,752.545,768.7856,749.5659,751.7281,250885
20180727,754.2747,757.3498,749.5659,750.8151,71116
20180730,745.7219,752.3046,726.5503,732.0279,92235
20180731,731.3072,761.0977,729.0009,747.3557,167653
20180801,751.3919,751.3919,730.3463,741.8301,190171
20180802,738.0341,767.8246,719.8716,756.1006,81711
20180803,756.2929,763.0198,749.6621,755.5722,30915
20180806,757.2538,762.1548,744.8571,750.3347,129376
20180807,740.9171,752.4489,728.5685,736.2563,107308
20180808,735.1512,747.5959,733.2292,740.0522,147761
20180809,749.566,754.3709,742.9833,749.5179,114753
20180810,745.7219,763.9805,745.7219,759.9924,200441
20180813,750.5269,755.2357,738.3224,744.0403,113838
20180814,749.5179,754.3708,741.878,750.1906,361138
20180816,749.566,763.1158,740.2444,758.6953,200207
20180817,751.488,783.2004,749.7102,770.1791,528688
20180820,773.5904,775.9448,763.0676,770.7075,244382
20180821,768.7856,770.6595,760.2328,762.4911,46796
20180823,754.6591,754.9474,723.6194,725.9738,180248
20180824,716.9406,748.2205,697.1924,716.412,127932
20180827,720.7365,753.4099,712.0876,748.0764,102730
20180828,742.8391,755.8123,725.5414,732.076,115049
20180829,737.89,766.0469,737.842,762.299,115631
20180830,763.0197,768.5934,747.6921,763.9807,219997
20180831,763.9806,791.8011,752.9293,764.7974,259691
20180903,770.5153,789.9271,764.2209,771.0438,135424
20180904,765.9027,784.8821,759.1758,773.2542,93712
20180905,768.7856,812.9908,768.7376,797.3268,665235
20180906,801.3149,822.6007,801.3149,819.7658,977868
20180907,821.3514,854.1209,799.5852,841.3398,1026914
20180910,841.3397,896.0195,841.3397,878.4816,2041503
20180911,873.4365,876.5116,855.4661,863.6345,1382106
20180912,868.7277,879.6829,847.5861,861.5203,129734
20180914,862.0008,894.6742,862.0008,885.4488,440605
20180917,884.1035,893.6172,844.7032,852.8716,188808
20180918,848.547,853.2078,829.1352,840.0904,370166
20180919,833.2675,843.7422,823.7057,832.0182,216730
20180921,826.4446,867.7668,794.2517,854.0248,418340
20180924,856.235,864.8838,774.5515,782.3835,425046
20180925,774.8878,821.6396,763.9807,800.5941,3144085
20180926,802.6602,834.1323,796.654,823.5615,588616
20180927,813.9517,828.3664,803.8133,811.9817,962402
20180928,811.9817,820.0539,769.7466,776.8098,1904287
20181001,768.7855,778.3954,721.6974,757.9265,448825
20181003,751.8242,783.1523,613.8753,718.9587,602910
20181004,709.9735,749.2777,709.2527,747.5959,863188
20181005,745.2416,754.3709,730.3464,740.8691,222379
20181008,740.9171,744.761,725.7816,730.0099,309688
20181009,735.872,735.872,668.4591,705.9855,629970
20181010,710.7903,758.2148,707.4269,750.3347,340870
20181011,726.5023,767.5363,718.6223,745.9142,737437
20181012,751.488,751.488,740.9172,748.7012,647473
20181015,746.683,753.4098,731.3072,749.9022,85367
20181016,754.3709,761.4341,740.9171,755.476,259641
20181017,763.9808,775.4645,750.3828,762.9237,944382
20181019,754.3708,787.6208,751.7762,777.5305,215030
20181022,783.2004,783.2004,727.7037,773.8308,331754
20181023,755.3318,763.0197,752.5449,760.3289,98698
20181024,759.1759,775.5126,750.6231,762.5393,107421
20181025,763.0196,773.5904,754.4669,767.7765,492046
20181026,763.9808,775.4645,759.5603,769.3142,160048
20181029,771.1939,779.3396,757.698,771.5312,527353
20181030,766.3741,778.1348,758.3248,771.7242,276803
20181031,763.5302,779.7735,763.5302,776.4478,155284
20181101,776.9779,830.9615,776.9779,820.1166,538171
20181102,824.0207,833.6125,802.0417,809.2717,127934
20181105,809.7536,827.1055,797.3181,815.5858,59396
20181106,827.1055,833.8534,814.5736,818.5742,37092
20181107,821.3215,833.3232,792.6427,819.6345,25250
20181109,819.4898,829.1298,807.2472,817.5137,139624
20181112,815.3448,825.1775,789.2206,797.2699,76593
20181113,803.9213,803.9213,774.1821,782.0387,221908
20181114,786.6179,802.0417,781.2677,798.3304,232907
20181115,800.0656,800.1137,789.1242,799.2944,104076
20181116,791.4377,800.1136,781.7978,792.98,113554
20181119,785.7021,814.2845,785.7021,805.6086,101893
20181120,805.8977,809.5126,792.45,798.6677,80221
20181121,809.3681,809.3681,783.0511,787.5337,47397
20181122,796.2096,796.2096,772.3508,777.8937,171376
20181126,780.8338,785.6056,763.5301,778.7612,315814
20181127,772.1579,779.3397,756.7341,766.615,134560
20181128,761.6503,770.0853,757.8908,766.4221,68521
20181129,775.5318,780.8338,765.9401,772.5917,291937
20181130,783.6296,809.7537,783.6296,803.777,311868
20181203,796.4507,846.3855,773.2184,827.3948,267328
20181204,826.238,868.9429,819.8757,854.6758,608195
20181205,845.4214,867.304,839.9266,858.4835,297123
20181206,848.3616,879.0648,848.3134,869.6658,471755
20181207,863.9782,870.4851,838.7698,849.3255,140792
20181210,822.4784,838.6734,816.2124,827.4911,172718
20181211,802.6683,866.6292,800.8367,863.1588,250592
20181212,857.9533,893.621,856.2181,886.6321,504183
20181213,877.2814,891.6931,850.2414,855.929,335725
20181214,860.5561,882.0531,856.0253,874.8232,208631
20181217,854.0973,880.2697,854.0973,864.894,164735
20181218,867.5931,891.6929,858.387,880.5588,263642
20181219,867.5932,879.6913,830.0939,838.6735,325180
20181220,843.4934,850.2414,805.2711,834.5765,445318
20181221,840.6014,845.2286,812.2118,831.1543,1596043
20181224,830.9614,830.9614,800.6438,808.5486,506672
20181226,807.8257,812.3565,782.1353,798.4268,160655
20181227,814.5737,866.5329,798.1376,843.8308,390858
20181228,833.8535,833.8535,814.5254,820.0202,209968
20181231,822.8157,837.5648,813.6096,833.3232,331390
20190101,823.2496,847.3012,823.2496,841.8065,100438
20190102,838.6734,852.6512,829.0334,843.9271,170450
20190103,843.4934,852.1693,829.0335,836.9382,124566
20190104,831.0579,842.5294,819.8756,835.6851,234451
20190107,836.7455,855.0131,829.0335,834.2873,116260
20190108,837.7094,846.289,829.9975,833.0823,162872
20190109,833.8535,841.0834,825.1775,833.0823,205960
20190110,829.9974,860.8452,829.9974,858.3388,635230
20190111,857.9533,865.6653,848.3134,853.1334,243399
20190114,847.3494,851.3982,826.1897,831.2989,194925
20190115,847.3493,847.3493,836.7454,840.264,152253
20190116,831.2025,841.5654,822.8639,829.3227,147195
20190117,827.1054,848.3132,826.768,844.3609,239981
20190118,843.4935,848.2171,828.3588,830.3832,279353
20190121,830.9615,835.1548,814.5736,820.3094,208776
20190122,822.2373,827.4428,812.5492,817.1282,207436
20190123,815.5375,827.1055,794.4743,802.2827,88430
20190124,804.9336,823.9724,798.764,817.8511,80295
20190125,825.1773,836.7452,818.333,824.6472,482398
20190128,817.6584,819.1526,777.8937,788.4012,209562
20190129,788.4011,814.5735,784.738,801.7524,214611
20190130,800.1137,833.8534,796.7879,824.9847,150045
20190131,819.49,869.5213,811.6817,848.5544,282225
20190201,843.4934,858.9173,834.3355,848.4097,120799
20190204,840.6495,861.761,833.034,851.7836,131064
20190205,851.2053,862.7732,843.2041,852.7476,96369
20190206,840.7459,875.2087,840.7459,866.6773,384830
20190207,860.8453,876.2691,848.3134,856.9411,344093
20190208,853.2297,862.7251,847.735,850.1932,121279
20190211,835.7815,855.0613,820.1166,826.9127,324646
20190212,825.1775,856.9892,825.1775,851.5909,162584
20190214,862.8696,882.0049,858.9655,877.4741,336485
20190215,875.305,882.053,860.0258,878.3416,154876
20190218,867.6413,881.9566,866.1471,869.2319,56141
20190219,867.5932,890.7291,863.7373,883.5473,348234
20190220,873.8591,890.5362,864.7012,873.3771,430775
20190221,877.2331,896.5129,872.9433,892.416,158878
20190222,891.6931,902.297,883.2582,897.5734,449760
20190225,887.837,906.1529,867.5932,882.3904,379072
20190226,867.5932,894.3922,862.8215,869.0874,321165
20190227,872.4131,889.765,870.8708,877.3295,174892
20190228,879.161,902.2969,879.161,897.6215,307215
20190301,898.0071,922.5408,898.0071,916.0338,397200
20190305,918.6849,978.2596,918.6849,935.6511,1116494
20190306,937.6755,948.5204,927.4089,934.2051,394493
20190307,941.8205,943.7485,911.9368,917.3834,330109
20190308,920.6127,949.5325,917.3351,942.7363,236708
20190311,944.7126,962.0645,937.9647,944.3752,457485
20190312,951.4605,961.0041,938.0128,947.6046,317152
20190313,950.4483,950.4483,917.7207,934.9762,184391
20190314,939.8926,944.7125,907.9362,913.0454,136754
20190315,903.6465,948.5203,903.6465,933.0964,458722
20190318,933.1447,949.5326,933.1447,939.5553,195847
20190319,953.3884,956.2804,935.0726,939.6997,152692
20190320,939.8926,951.3641,935.3136,944.5679,82804
20190322,948.5685,967.8484,938.784,963.9442,414077
20190325,963.7033,963.9925,941.3868,957.0517,216173
20190326,968.8124,999.6119,952.4245,976.7653,430639
20190327,982.8385,984.6219,947.6046,954.4971,353131
20190328,961.4861,974.5963,954.3525,969.1016,386507
20190401,1007.372,1007.372,971.7043,978.7415,273501
20190402,979.4164,1002.1666,962.0645,964.2817,633909
20190403,965.0046,996.7681,963.7996,973.1021,447490
20190404,978.4524,983.1277,958.6423,973.295,285686
20190405,978.4523,1006.408,972.3791,998.6961,476665
20190408,969.7764,1024.7239,969.7764,1011.3244,515498
20190409,1004.6727,1040.1477,998.3587,1031.7128,518122
20190410,1031.1825,1057.4996,1026.7001,1050.125,406736
20190411,1053.6436,1070.5135,1021.8319,1045.0641,861651
20190412,1039.2318,1072.3931,1032.1464,1056.8247,625577
20190415,1070.0317,1070.0317,1033.5927,1036.9186,270053
20190416,1046.1727,1054.0292,1024.7238,1044.1483,301327
20190418,1049.7879,1060.3918,1031.8577,1056.0056,413555
20190422,1045.9318,1050.7035,999.7084,1028.0016,473385
20190423,1040.7262,1040.7262,1022.796,1030.5079,322929
20190424,1032.436,1043.3773,1026.9894,1031.9058,613631
20190425,1040.0514,1050.7517,1026.6519,1037.1594,229248
20190426,1027.8087,1055.5717,1027.8087,1049.9324,575343
20190430,1044.1,1060.5843,1040.7261,1053.981,594015
20190502,1053.6439,1075.623,1042.2206,1064.4406,687532
20190503,1066.1757,1078.7076,1043.0881,1049.0648,344865
20190506,1035.3278,1055.3306,998.6961,1020.7233,282400
20190507,1022.3138,1028.9171,1013.4451,1018.7952,205161
20190508,1017.9761,1036.292,1008.5289,1021.2054,1017198
20190509,1027.0859,1054.6079,1025.3989,1051.5713,615068
20190510,1050.7517,1059.4277,1031.4719,1046.1245,264743
20190513,1050.7517,1078.1291,973.6323,1038.4608,604550
20190514,1036.7738,1058.4636,1005.4441,1026.9893,790715
20190515,1027.905,1060.3915,1027.905,1050.125,949912
20190516,1056.6803,1058.3191,1046.7511,1052.0531,598187
20190517,1057.4996,1085.4553,1048.8236,1079.6714,768270
20190520,1090.2754,1131.7271,1089.3115,1102.8556,1976308
20190521,1108.5912,1116.4477,1089.9379,1105.9402,1254899
20190522,1107.6273,1113.4112,1089.3114,1094.6616,623349
20190523,1108.5912,1117.0744,1051.3783,1092.3961,792641
20190524,1061.3556,1104.7352,1061.3556,1089.7933,447198
20190527,1095.8665,1108.3984,1065.2115,1077.165,619017
20190528,1087.3834,1237.1878,1053.3063,1113.3148,18101858
20190529,1120.1591,1153.8989,1084.7324,1095.6737,581899
20190530,1104.446,1112.9774,1098.9513,1105.4583,443801
20190531,1108.5913,1153.8989,1105.7957,1134.1371,727432
20190603,1141.2225,1199.2067,1133.6552,1176.5529,587792
20190604,1180.698,1204.9906,1168.7445,1199.062,654990
20190606,1196.2662,1219.2575,1125.22,1130.5702,1077181
20190607,1137.9929,1166.4307,1132.6909,1148.7896,442931
20190610,1155.9233,1192.2659,1138.4751,1146.7654,982236
20190611,1151.9711,1155.8271,1096.3488,1107.8202,811509
20190612,1102.8074,1107.6274,1063.2837,1087.4318,1160951
20190613,1084.3951,1127.8711,1061.3074,1111.7725,410908
20190614,1118.7131,1132.691,1114.3752,1122.3763,206067
20190617,1121.1231,1121.1231,1096.5413,1109.1696,101295
20190618,1108.5915,1131.7273,1086.4196,1092.2518,303289
20190619,1092.9284,1131.3659,1080.5995,1113.7185,196281
20190620,1112.9934,1126.5311,1084.951,1124.5972,293053
20190621,1113.9602,1156.5073,1101.3895,1117.3931,467493
20190624,1117.7315,1144.9036,1104.2905,1136.8293,169951
20190625,1145.8706,1145.8706,1045.4014,1065.6113,19066644
20190626,1067.4001,1088.8187,1056.3282,1080.5994,1077289
20190627,1083.984,1087.7552,1071.8967,1083.6938,395663
20190628,1086.9333,1087.8518,1068.6573,1075.813,354333
20190701,1079.7776,1081.0346,1058.3106,1067.1102,290926
20190702,1072.235,1078.0852,1062.7102,1074.6041,194651
20190703,1076.248,1083.1136,1068.8023,1081.8566,339472
20190704,1078.424,1089.4476,1075.2814,1086.6918,520416
20190705,1088.0935,1088.8187,1065.6112,1069.0923,224531
20190708,1066.8199,1068.1737,1030.8966,1033.6525,639539
20190709,1034.6679,1045.3046,1026.1584,1039.9379,344068
20190710,1033.7011,1043.3225,1019.1964,1023.838,329278
20190711,1015.3283,1031.7186,977.7612,1022.0972,511652
20190712,1026.7387,1047.5287,1016.2952,1028.7693,335911
20190715,1028.6728,1055.8449,1023.6445,1040.8083,348491
20190716,1044.3377,1045.0629,1011.267,1030.4615,362760
20190717,1025.0948,1038.4874,1014.458,1017.1172,191136
20190718,1008.5594,1062.7103,993.1362,1054.2008,502484
20190719,1067.5453,1073.2505,1025.9652,1052.1221,383482
20190722,1046.5619,1046.6102,1011.5089,1020.0182,389659
20190723,1023.0641,1043.3707,1007.5925,1039.9379,389820
20190724,1046.4168,1049.1727,1027.9958,1041.2435,522052
20190725,1049.1727,1072.2836,1030.3166,1061.8885,703044
20190726,1061.8883,1112.0262,1054.0074,1103.13,603417
20190729,1106.2245,1139.9237,1099.649,1135.2339,499684
20190730,1131.3659,1139.005,1102.3565,1119.0369,133493
20190731,1112.0263,1183.5828,1069.9627,1167.4825,559526
20190801,1151.7208,1183.5827,1098.7787,1113.4283,242000
20190802,1098.682,1150.7056,1087.9003,1129.8188,399425
20190805,1129.6254,1142.9698,1079.3425,1113.6219,425749
20190806,1120.4875,1134.2669,1105.4993,1126.6761,449574
20190807,1135.2338,1172.0757,1116.9579,1129.8671,558271
20190808,1132.3329,1165.2102,1132.3329,1160.5686,471117
20190809,1168.1112,1174.2515,1099.9391,1115.7976,406403
20190813,1115.8945,1151.2376,1102.6469,1115.0242,341774
20190814,1119.7622,1136.2008,1097.5217,1105.9343,216580
20190816,1112.0263,1134.847,1094.7173,1128.8033,426047
20190819,1121.7447,1149.5453,1112.0265,1123.2434,290014
20190820,1119.7621,1126.3376,1094.7173,1099.7939,222075
20190821,1102.4049,1111.0593,1089.7858,1096.8931,104014
20190822,1088.0936,1110.7693,1083.2587,1101.8247,232069
20190823,1104.2423,1154.9604,1089.3509,1140.9392,847309
20190826,1148.7232,1169.0782,1145.8707,1166.3706,618807
20190827,1170.0451,1183.6312,1158.3929,1174.5898,353360
20190828,1181.649,1213.5593,1174.8801,1208.5793,664325
20190829,1208.7244,1211.6254,1184.5499,1196.2504,144167
20190830,1198.0875,1218.394,1196.4919,1216.2667,536311
20190903,1208.7241,1242.1333,1127.0144,1150.657,954800
20190904,1126.531,1126.531,1088.4803,1107.6265,849780
20190905,1115.8942,1144.9036,1112.9933,1134.4602,530553
20190906,1141.5191,1165.2101,1141.5191,1156.6523,435484
20190909,1160.3753,1164.0981,1127.643,1139.4885,251219
20190911,1102.3564,1110.9625,1083.0168,1091.913,18880363
20190912,1097.8599,1110.479,1096.8929,1101.3894,697819
20190913,1109.1256,1109.1256,1091.0914,1097.8602,332690
20190916,1096.0712,1101.3896,1064.6444,1091.8649,546793
20190917,1091.7199,1103.9038,1087.852,1095.8296,300088
20190918,1098.7788,1120.7292,1094.8625,1116.7162,421923
20190919,1116.8129,1138.1832,1099.359,1134.3153,368182
20190920,1136.9745,1208.4342,1103.372,1195.09,1338571
20190923,1211.6252,1228.0639,1152.6395,1184.4531,923292
20190924,1188.2245,1207.6607,1148.7716,1182.0358,889536
20190925,1185.517,1186.9674,1129.3355,1133.5902,596850
20190926,1102.3564,1192.2855,1102.3564,1152.9778,3596764
20190927,1160.3752,1178.7478,1151.6724,1164.0013,497580
20190930,1169.0782,1174.2033,1147.8047,1169.9001,656971
20191001,1170.045,1178.071,1147.0308,1163.4695,392433
20191003,1160.0369,1164.7268,1131.6561,1154.2833,216338
20191004,1156.0238,1163.0828,1137.1677,1140.6488,372478
20191007,1141.0358,1145.4838,1117.8283,1120.8743,208728
20191009,1118.7952,1134.7504,1108.4969,1127.4014,546424
20191010,1127.4013,1160.3753,1127.4013,1153.9448,249137
20191011,1160.2786,1179.7148,1145.9189,1166.999,393916
20191014,1174.2997,1202.9223,1168.8362,1200.2631,480194
20191015,1204.3731,1228.0641,1204.3731,1224.0995,520386
20191016,1199.0544,1206.6936,1136.2975,1167.3859,29006294
20191017,1168.9815,1207.7574,1168.5947,1203.8411,1516873
20191018,1210.6584,1222.649,1190.3518,1202.9709,696248
20191022,1196.1536,1263.2136,1196.1536,1252.045,2328823
20191023,1255.1393,1291.6428,1250.3044,1268.4836,1207126
20191024,1279.2172,1305.4223,1275.881,1298.9436,843328
20191025,1305.3257,1319.8304,1267.8068,1285.3575,464205
20191027,1295.8009,1324.7619,1294.7855,1316.881,134665
20191029,1321.861,1323.795,1287.775,1306.7278,614276
20191030,1325.729,1352.8044,1310.2573,1321.8611,685256
20191031,1328.1624,1337.2268,1290.9836,1301.7931,568262
20191101,1301.9871,1310.6154,1276.1995,1302.3264,330121
20191104,1292.2922,1298.9815,1270.9641,1282.3552,355312
20191105,1289.3838,1304.362,1250.6054,1265.4866,506519
20191106,1271.9336,1278.2836,1243.3345,1250.9447,289836
20191107,1258.749,1293.8434,1253.5624,1279.3015,551972
20191108,1280.174,1293.2617,1269.9947,1280.1255,627350
20191111,1279.6895,1306.8344,1279.6895,1297.9154,523849
20191113,1304.1198,1327.193,1301.9385,1323.7999,602252
20191114,1329.1318,1337.7115,1315.5594,1331.604,455000
20191115,1337.857,1351.4295,1328.2593,1337.5177,385802
20191118,1338.8266,1357.004,1303.9745,1311.9241,444173
20191119,1314.1537,1317.7892,1294.3282,1299.3209,391226
20191120,1307.5129,1328.1624,1294.8129,1315.5594,969878
20191121,1309.2577,1337.8568,1294.328,1332.137,662162
20191122,1332.5735,1341.7349,1290.3534,1315.9956,669749
20191125,1323.315,1329.8103,1301.0174,1319.2433,532638
20191126,1326.2236,1336.306,1288.4146,1306.9313,4842128
20191127,1303.5379,1314.2989,1293.2617,1296.6548,382873
20191128,1294.2312,1309.9364,1294.1342,1298.2059,345329
20191129,1298.1091,1332.3796,1294.2313,1321.2793,597366
20191202,1318.4679,1353.4654,1304.4107,1328.6472,861556
20191203,1336.8875,1355.3073,1316.5288,1345.031,713091
20191204,1335.918,1337.857,1314.5899,1322.1517,731578
20191205,1324.2844,1342.6073,1318.5646,1324.4783,423486
20191206,1332.7189,1336.6938,1310.9545,1319.4858,447666
20191209,1318.0316,1336.8876,1301.0175,1329.2773,334949
20191210,1324.2844,1342.7042,1296.2186,1308.2883,381832
20191211,1301.0173,1313.5234,1275.7144,1298.5452,396630
20191212,1303.9259,1315.0747,1282.0161,1296.364,457551
20191213,1297.3821,1324.2847,1297.1398,1308.6764,441649
20191216,1310.6151,1313.6204,1295.2006,1307.0765,202222
20191217,1310.7123,1321.8611,1299.8058,1306.592,294983
20191218,1304.0227,1309.6456,1293.6979,1300.9689,265905
20191219,1308.7731,1336.3543,1297.1396,1322.3456,481317
20191220,1328.017,1378.5745,1322.3457,1366.844,799144
20191223,1376.4901,1376.6355,1353.6593,1366.4562,388352
20191224,1365.0018,1391.1773,1359.1851,1388.172,233151
20191226,1386.3303,1396.4127,1367.4743,1380.7074,364016
20191227,1380.5132,1380.5132,1356.2767,1368.0557,814961
20191230,1374.8905,1391.0806,1339.6991,1344.401,518158
20191231,1342.7043,1366.8439,1337.857,1344.4493,216620
20200101,1346.8731,1355.6952,1339.4082,1343.1406,104012
20200102,1337.8571,1347.5032,1310.7122,1319.1465,310211
20200103,1322.3457,1355.1136,1319.1464,1345.6128,577617
20200106,1341.5409,1349.4905,1324.2845,1343.2859,269777
20200107,1342.7043,1357.6825,1337.857,1347.3578,282751
20200108,1336.8875,1353.3684,1333.0097,1349.0543,215586
20200109,1353.3685,1357.7311,1331.0709,1338.3904,214666
20200110,1340.6684,1353.4653,1327.8714,1332.8158,246516
20200113,1336.209,1339.796,1310.7121,1312.4087,230062
20200114,1317.4984,1335.9182,1315.608,1327.6293,425319
20200115,1332.0402,1333.0582,1306.4949,1317.983,407094
20200116,1325.254,1381.2404,1323.3151,1371.4004,982078
20200117,1371.7882,1391.3228,1353.3684,1369.3645,570066
20200120,1369.3646,1383.9065,1308.7732,1313.3782,508235
20200121,1316.1895,1327.1928,1282.5976,1289.3353,484563
20200122,1284.5365,1301.8899,1268.3949,1273.4846,528752
20200123,1279.6892,1309.5002,1264.2264,1292.0984,431309
20200124,1295.2008,1314.59,1279.6894,1309.1125,282051
20200127,1307.2222,1321.3278,1290.1112,1297.9154,235959
20200128,1302.9078,1316.0441,1283.5671,1296.5094,233417
20200129,1298.8847,1307.2705,1281.6283,1283.4218,261939
20200130,1287.348,1299.951,1268.2495,1287.3964,198507
20200131,1279.9315,1299.0784,1275.8113,1278.1381,201621
20200203,1245.7581,1295.9277,1236.3543,1260.9302,391873
20200204,1261.8027,1286.9602,1248.6664,1274.1633,543400
20200205,1285.5062,1307.0282,1270.9643,1295.4917,426619
20200206,1299.5633,1337.8571,1299.0786,1335.5789,442363
20200207,1338.8264,1355.3073,1323.315,1339.505,232059
20200210,1339.7959,1347.5516,1324.2845,1335.1909,129381
20200211,1342.6076,1344.6434,1313.8145,1326.7084,285909
20200212,1332.0404,1332.0404,1285.0215,1309.9851,378484
20200213,1284.5367,1318.4678,1284.5367,1306.2041,573718
20200214,1306.204,1314.5899,1299.0785,1312.2632,155666
20200217,1312.2633,1314.59,1290.5959,1297.7699,187423
20200218,1298.109,1303.9258,1285.5545,1298.4968,202026
20200219,1299.0786,1325.2541,1299.0786,1314.1538,156721
20200220,1314.8808,1324.9147,1299.0785,1304.3621,138284
20200224,1304.8954,1309.6942,1243.6739,1265.2444,276331
20200225,1287.4449,1287.4449,1236.1604,1247.6001,636341
20200226,1242.656,1253.223,1176.9264,1197.7213,562415
20200227,1182.743,1238.0023,1177.8957,1212.554,574555
20200228,1197.2849,1236.0633,1155.9373,1198.8845,756201
20200302,1199.3209,1233.1066,1095.443,1162.4813,436775
20200303,1162.3843,1200.1933,1161.4149,1173.9694,384410
20200304,1197.2851,1201.8415,1168.4921,1177.4111,599176
20200305,1184.6822,1240.7171,1175.0361,1224.1877,485211
20200306,1212.3117,1229.2773,1188.8508,1225.7872,718345
20200309,1222.491,1222.491,1153.6592,1171.0126,732840
20200311,1173.0485,1187.6873,1125.0601,1153.7078,642604
20200312,1100.9689,1134.0761,1039.2627,1070.4309,1468801
20200313,979.1562,1114.8808,856.3738,1091.2744,1166978
20200316,1066.2137,1160.8332,1010.2273,1054.5802,625700
20200317,1042.1711,1088.8991,1013.2811,1042.4135,407327
20200318,1033.9794,1065.4384,932.6222,965.39,1302437
20200319,920.9885,1086.7664,780.4165,997.9637,990238
20200320,1017.9347,1041.4442,920.9886,973.7758,1765060
20200323,882.21,920.9401,794.9585,801.0661,596466
20200324,793.0681,900.6298,790.8383,824.9634,904315
20200325,829.3744,964.6143,820.5523,954.8712,1161295
20200326,969.4615,1145.8066,966.6016,1063.3054,1897600
20200327,1047.0186,1143.6739,950.0724,991.5169,756636
20200330,968.2498,1054.7743,968.2498,996.3157,427414
20200331,1032.4767,1069.2677,998.5456,1048.6183,1302717
20200401,1050.8963,1108.0945,1019.001,1071.9821,538692
20200403,1066.4078,1085.7001,982.0646,1013.1359,1099047
20200407,1039.2629,1158.5067,1039.2629,1119.1949,812026
20200408,1076.1024,1143.8677,1074.212,1115.8018,575191
20200409,1095.4914,1190.4501,1090.6441,1133.3004,1307788
20200413,1129.4227,1142.8013,1067.3772,1111.6815,542846
20200415,1133.7367,1177.3141,1104.3136,1117.6437,761153
20200416,1117.6436,1186.33,1102.0839,1121.9093,808208
20200417,1138.9718,1175.6659,1137.5176,1162.7721,701251
20200420,1177.896,1195.831,1139.1175,1153.9503,734858
20200421,1139.1173,1163.16,1095.6854,1123.7998,611851
20200422,1123.7515,1124.624,1091.6138,1104.6046,348113
20200423,1114.6871,1162.3845,1105.1863,1154.4834,348769
20200424,1124.5756,1164.3235,1091.6139,1101.7932,682172
20200427,1105.1863,1168.2013,1102.3748,1157.5372,567752
20200428,1168.1044,1170.0433,1143.9647,1158.9429,983106
20200429,1153.6594,1197.6244,1146.5822,1193.6497,586460
20200430,1202.1324,1284.5366,1170.1887,1251.1871,987356
20200504,1214.8323,1226.3689,1152.6898,1171.9336,702118
20200505,1173.9211,1193.6497,1136.209,1176.2963,613031
20200506,1191.4685,1201.8417,1138.4874,1175.1331,471267
20200507,1172.8549,1182.7433,1155.7438,1173.2426,271631
20200508,1179.8347,1210.7605,1173.1454,1197.4304,408970
20200511,1211.8269,1273.8725,1207.9491,1257.6825,760784
20200512,1250.2177,1301.9385,1235.0941,1292.5833,682524
20200513,1318.4678,1330.2952,1246.7276,1279.7863,711169
20200514,1269.9947,1276.4417,1197.2851,1205.5255,568028
20200515,1210.8576,1221.5217,1179.2046,1195.734,491850
20200518,1184.9246,1200.8237,1090.6929,1130.3923,503272
20200519,1158.9428,1196.4611,1146.7762,1185.2153,741998
20200520,1182.84,1204.4591,1174.1149,1197.285,239160
20200521,1204.0714,1240.7171,1192.9711,1211.1969,559080
20200522,1215.705,1225.2542,1177.896,1200.2905,289297
20200526,1209.6457,1219.5827,1190.4988,1195.6854,303068
20200527,1202.1325,1206.9798,1182.7432,1194.91,749065
20200528,1207.319,1237.0331,1197.2851,1215.9473,410042
20200529,1216.6744,1293.2619,1215.5595,1260.9788,3176009
20200601,1269.9947,1299.0786,1252.5444,1262.8207,416681
20200602,1260.2517,1272.3699,1220.116,1255.0651,361301
20200603,1269.9949,1269.9949,1228.308,1232.7191,907105
20200604,1245.758,1259.3305,1213.1841,1242.6558,501000
20200605,1250.6054,1287.445,1234.8032,1262.9661,544730
20200608,1273.0001,1283.7611,1236.1122,1250.3147,210572
20200609,1254.4835,1278.7201,1238.0996,1274.212,423986
20200610,1273.8725,1293.2618,1233.6399,1277.7504,776604
20200611,1277.7504,1277.7504,1248.1333,1260.1062,233002
20200612,1235.0941,1288.0752,1219.2435,1261.512,385384
20200615,1255.7437,1289.4809,1246.3884,1278.8654,506322
20200616,1294.2312,1344.3039,1279.6893,1321.473,1950661
20200617,1328.1625,1341.444,1285.9909,1293.6497,798517
20200618,1269.9948,1279.6409,1233.2521,1236.7422,893087
20200619,1226.3688,1235.9665,1211.8269,1231.3616,27038204
20200622,1239.9414,1249.636,1216.6743,1232.7673,975418
20200623,1233.1552,1265.1475,1233.1552,1251.0417,711961
20200624,1256.4224,1270.9644,1238.0027,1253.611,982291
20200625,1239.9414,1248.6181,1228.5017,1235.0941,377086
20200626,1250.6056,1250.6056,1214.9779,1223.9939,235936
20200629,1221.5217,1231.2163,1195.0553,1202.0355,749898
20200630,1211.827,1250.5085,1183.8095,1227.92,1728495
20200701,1226.3689,1235.6757,1210.0335,1227.92,405496
20200702,1235.5788,1255.4528,1222.4911,1249.7329,394798
20200703,1251.1873,1260.3002,1236.2575,1240.2324,194878
20200706,1240.9109,1254.144,1236.2574,1247.7456,185403
20200707,1241.4925,1259.9123,1227.1446,1234.8032,328181
20200708,1246.7277,1250.9448,1227.4839,1249.0544,598410
20200709,1250.6056,1270.9643,1227.3385,1232.2827,562549
20200710,1238.972,1245.5159,1212.0695,1221.6187,393177
20200713,1232.1371,1248.6665,1212.845,1234.9486,334234
20200714,1237.8571,1239.4567,1200.1935,1221.9579,437672
20200715,1231.2164,1250.2178,1204.2653,1214.3962,713871
20200716,1216.6743,1226.272,1203.3927,1211.5361,257457
20200717,1216.4807,1253.5141,1213.136,1248.9576,738845
20200720,1265.1476,1287.4452,1253.514,1281.0468,688423
20200721,1289.3838,1304.8952,1277.5564,1293.504,506981
20200722,1291.8561,1304.4591,1249.2482,1254.8226,444256
20200723,1259.1369,1273.7272,1236.1606,1243.9163,447829
20200724,1244.7888,1267.862,1236.0636,1257.925,467801
20200727,1261.2209,1279.6892,1247.2608,1266.65,338361
20200728,1275.036,1287.2997,1260.5911,1279.3986,258830
20200729,1285.7969,1297.1395,1252.6897,1262.142,425247
20200730,1274.5998,1289.3841,1256.4224,1281.0468,233338
20200731,1282.5977,1282.8886,1255.9861,1263.7902,247691
20200803,1266.9894,1292.874,1256.6161,1278.6714,349820
20200804,1279.6894,1331.0709,1273.3394,1308.434,743973
20200805,1314.9778,1322.0064,1296.1702,1309.4518,191598
20200806,1309.3066,1357.2464,1308.7733,1333.9308,831913
20200807,1333.0097,1336.8875,1304.1197,1314.9292,259444
20200810,1328.7926,1380.5134,1323.3151,1340.3292,671954
20200811,1347.5518,1363.4024,1294.2314,1307.7069,370518
20200812,1313.6204,1341.1531,1307.9006,1335.7726,342002
20200813,1345.6126,1357.2461,1317.8375,1322.491,508040
20200814,1322.3457,1333.1067,1264.6628,1269.7524,330531
20200817,1287.6871,1287.6871,1246.7274,1255.4525,334694
20200818,1259.3306,1304.8953,1241.8803,1295.2976,393703
20200819,1299.0784,1318.1768,1263.4022,1270.6248,321561
20200820,1270.6249,1283.5672,1254.4833,1258.7004,198608
20200821,1275.7146,1276.781,1245.7583,1252.0112,537656
20200824,1252.0597,1263.1115,1221.5216,1236.209,1005356
20200825,1245.7583,1246.7278,1223.0729,1226.7084,329976
20200826,1229.2774,1250.6056,1221.5218,1225.642,471108
20200827,1229.2772,1240.1351,1224.6238,1237.6631,340350
20200828,1244.4495,1261.2697,1240.911,1244.6919,800001
20200831,1253.9017,1271.9337,1211.827,1218.3224,782636
20200901,1221.5217,1245.7582,1206.9797,1220.9884,762728
20200902,1216.4319,1240.8623,1211.9239,1223.509,406683
20200903,1229.7621,1259.3306,1226.9022,1248.9089,436206
20200904,1231.216,1257.2945,1226.9019,1250.7991,388353
20200907,1257.3918,1257.3918,1236.0636,1243.9163,108408
20200908,1248.4726,1254.4347,1213.7658,1225.4479,198787
20200909,1213.1843,1213.2812,1163.3539,1180.7557,465737
20200910,1190.4989,1236.0151,1187.5906,1215.0264,304875
20200911,1217.7409,1269.0254,1215.705,1258.5552,427605
20200914,1271.9335,1294.2797,1255.4527,1265.4866,819373
20200915,1284.5364,1292.2921,1255.6464,1264.6625,665839
20200916,1269.9948,1292.2924,1265.1475,1276.1024,294306
20200917,1278.429,1278.429,1234.6094,1242.3651,353706
20200918,1253.6595,1284.973,1219.0496,1256.3739,1520695
20200921,1264.6142,1275.3753,1222.1033,1237.0331,301054
20200922,1234.0278,1235.0941,1210.082,1216.432,402197
20200923,1224.9146,1247.697,1210.0818,1219.728,256738
20200924,1202.181,1219.5827,1187.6874,1213.0874,449187
20200925,1221.5216,1238.9719,1197.8667,1231.2648,482477
20200928,1245.2735,1250.6055,1224.43,1229.7621,294266
20200929,1238.972,1238.972,1208.143,1212.3118,348648
20200930,1213.9596,1273.63,1207.7552,1259.8152,602464
20201001,1252.0595,1269.3644,1245.758,1261.5603,237102
20201005,1255.4529,1255.4529,1212.942,1216.0928,579287
20201006,1221.5216,1230.1499,1192.5347,1197.5275,567980
20201007,1200.1935,1241.8803,1193.6496,1235.9181,446559
20201008,1236.0636,1240.9109,1199.5633,1213.4751,602213
20201009,1210.5668,1222.2489,1202.3264,1209.452,310962
20201012,1204.0713,1223.8484,1167.668,1171.1096,351329
20201013,1165.293,1203.0535,1163.3541,1165.6808,439245
20201014,1171.1095,1211.7784,1166.2622,1209.1609,530522
20201015,1209.8881,1216.8681,1190.5473,1212.4572,400456
20201016,1202.3261,1217.6436,1190.5472,1201.1143,209564
20201019,1201.1629,1222.4911,1201.1629,1215.8018,242560
20201020,1215.8018,1222.0064,1196.3157,1207.7554,268846
20201021,1213.7659,1221.5216,1199.4178,1202.8109,173983
20201022,1197.285,1234.9486,1179.8347,1217.5952,537043
20201023,1223.6059,1226.3689,1203.5865,1219.3888,180360
20201026,1233.1551,1255.3073,1198.2545,1216.6257,425438
20201027,1235.4818,1237.9538,1205.5739,1210.7605,308496
20201028,1216.6743,1216.6743,1190.5474,1193.0194,369005
20201029,1192.4379,1213.766,1186.6211,1204.75,174889
20201030,1194.4253,1205.5256,1181.5799,1198.2546,992144
20201102,1206.9795,1209.8879,1181.8704,1187.6388,546257
20201103,1201.163,1219.5343,1187.1058,1188.7054,445423
20201104,1188.7056,1200.533,1182.9372,1193.6984,275034
20201105,1199.7087,1226.3689,1194.4252,1205.6709,538703
20201106,1201.163,1234.1247,1200.145,1221.9579,432511
20201109,1228.3076,1249.4419,1216.9164,1232.4763,509445
20201110,1236.0634,1254.4347,1224.1875,1230.489,815456
20201111,1235.4821,1242.8014,1203.4898,1226.7084,1351245
20201112,1226.7084,1231.7496,1209.8882,1220.8916,546454
20201113,1219.4857,1264.1778,1213.7658,1257.6825,904077
20201114,1264.1778,1265.5351,1248.7633,1256.3252,42009
20201117,1260.2515,1297.7212,1250.6054,1288.6083,952298
20201118,1279.7861,1284.5365,1238.6325,1271.2064,769769
20201119,1268.1529,1307.6101,1245.8553,1256.8586,903121
20201120,1264.178,1341.2987,1259.3307,1314.8809,1084021
20201123,1318.4678,1338.8265,1303.0049,1311.5361,568127
20201124,1313.6204,1340.2321,1310.6151,1330.3436,879626
20201125,1337.8569,1355.0164,1328.9863,1340.6199,838234
20201126,1351.4295,1423.1696,1347.5516,1412.5541,2679932
20201127,1424.0908,1428.9866,1378.1868,1407.0768,1557368
20201201,1425.1085,1454.0954,1414.4929,1426.2234,1102450
20201202,1439.4565,1483.2761,1434.4152,1475.0842,1035487
20201203,1470.2371,1479.7378,1431.701,1436.8391,1202087
20201204,1434.8034,1449.3453,1392.6318,1405.9619,938899
20201207,1413.3783,1413.3783,1389.4325,1398.6909,514977
20201208,1408.6277,1429.8589,1400.9205,1419.6796,534043
20201209,1434.803,1463.8869,1399.9024,1409.0154,1253668
20201210,1408.7734,1413.5238,1382.0646,1405.4772,575732
20201211,1413.5236,1431.3132,1393.795,1421.764,697751
20201214,1434.5122,1448.2787,1424.139,1444.2554,1086597
20201215,1450.0721,1460.8816,1405.8162,1411.2451,1270972
20201216,1418.0313,1444.4976,1414.7836,1434.1729,554075
20201217,1444.4977,1444.4977,1419.2917,1432.428,566898
20201218,1420.2611,1442.3649,1402.9077,1416.8195,794647
20201221,1410.179,1431.9435,1361.1242,1388.9478,667988
20201222,1391.1775,1423.9937,1367.3287,1413.2812,623046
20201223,1415.414,1429.7136,1398.0606,1413.6689,595095
20201224,1412.7478,1449.3449,1412.7478,1438.7294,590435
20201228,1451.0902,1469.7038,1445.4672,1451.9142,626624
20201229,1462.9176,1470.8672,1439.3113,1464.178,425237
20201230,1473.5816,1493.2617,1450.5569,1463.9839,721897
20201231,1462.9173,1482.7913,1446.3395,1474.4054,403848
20210101,1471.6427,1477.3626,1459.0397,1472.806,172139
20210104,1482.307,1507.4161,1477.4597,1502.1324,586835
20210105,1501.696,1543.3828,1485.1182,1535.8695,776027
20210106,1540.4746,1576.7809,1527.4354,1562.4813,1321608
20210107,1569.3644,1573.3391,1513.3294,1523.2179,588805
20210108,1535.5303,1568.5404,1514.2991,1556.1313,719490
20210111,1566.7471,1571.4974,1537.9541,1560.5425,543087
20210112,1558.3127,1567.5226,1509.2579,1518.1284,451933
20210113,1522.6364,1535.9181,1486.5725,1501.696,554839
20210114,1508.5792,1516.2865,1488.8022,1507.2219,299112
20210115,1510.4213,1527.8716,1482.21,1503.4896,347984
20210118,1497.8182,1504.1197,1464.8565,1477.0233,326922
20210119,1491.4197,1512.2631,1460.8331,1463.887,693510
20210120,1446.9214,1461.1725,1407.7068,1449.2482,1607991
20210121,1456.4706,1472.6122,1411.1968,1418.1769,866491
20210122,1420.455,1434.1729,1376.6353,1395.0066,946642
20210125,1392.971,1408.8217,1350.0239,1394.3282,612863
20210127,1394.2797,1394.2797,1325.9326,1336.6937,1539581
20210128,1328.1138,1349.442,1319.7765,1329.3741,896401
20210129,1339.796,1349.4421,1260.3001,1275.3268,1339954
20210201,1285.6032,1339.6992,1255.4529,1323.6545,1468725
20210202,1359.1852,1376.3446,1330.1013,1345.5642,1774566
20210203,1340.2808,1418.3224,1340.2808,1392.5348,1189638
20210204,1404.7499,1436.5967,1366.9409,1425.351,713746
20210205,1434.6577,1441.7832,1405.8162,1422.9272,784535
20210208,1422.9271,1439.6503,1419.8248,1428.0167,727597
20210209,1440.5714,1488.1236,1411.3423,1466.6016,1312996
20210210,1481.8221,1483.2763,1427.0475,1455.1619,1245064
20210211,1452.2534,1464.8564,1442.5588,1452.0596,688878
20210212,1454.1924,1462.9176,1440.8623,1449.2482,555080
20210215,1454.1925,1461.3665,1432.9612,1451.9626,1186259
20210216,1452.205,1472.6123,1442.1227,1458.9429,428431
20210217,1453.2228,1494.7158,1449.3935,1452.1079,871716
20210218,1456.083,1469.704,1444.5465,1452.4475,498508
20210219,1445.4672,1473.5815,1442.8497,1448.1332,705510
20210222,1449.8296,1452.2533,1407.9004,1421.376,787448
20210223,1425.1087,1467.765,1415.4141,1453.6593,859167
20210224,1461.948,1461.948,1431.8947,1440.8137,199596
20210225,1454.0954,1471.1579,1428.2592,1437.0813,621933
20210226,1437.0815,1437.0815,1338.0026,1382.4524,2771831
20210301,1386.3301,1410.5182,1363.0631,1383.5187,414978
20210302,1386.3301,1420.2613,1379.5924,1387.4934,458168
20210303,1405.7194,1462.0936,1399.0301,1451.1871,576058
20210304,1443.5283,1454.1924,1421.2792,1426.3689,303679
20210305,1421.2308,1455.7921,1411.1,1449.8784,741576
20210308,1453.223,1487.8813,1429.9559,1436.2574,564677
20210309,1430.9737,1446.1457,1394.1342,1423.4119,711740
20210310,1437.7118,1442.4137,1406.7375,1426.1752,397041
20210312,1440.6201,1463.8871,1416.6259,1426.272,773920
20210315,1434.8033,1438.5842,1413.4751,1420.1644,307023
20210316,1425.1086,1470.3824,1420.8429,1447.4547,682685
20210317,1454.1438,1459.1366,1410.1304,1430.0527,274443
20210318,1437.538,1448.4254,1395.0573,1398.1194,424366
20210319,1394.9599,1402.2507,1363.1237,1396.5153,581236
20210322,1399.8206,1419.2626,1390.0997,1394.5713,466422
20210323,1403.7088,1419.1652,1392.2867,1398.0221,422691
20210324,1385.7252,1402.9313,1360.9367,1363.7072,430059
20210325,1364.8249,1374.1085,1339.113,1349.5144,506945
20210326,1362.881,1385.2392,1351.7018,1360.9368,227045
20210330,1374.5461,1399.8206,1362.006,1392.9673,559402
20210331,1398.7512,1407.5001,1379.4551,1393.2102,346622
20210401,1397.8764,1406.5766,1371.6298,1397.4875,410607
20210405,1411.1941,1417.124,1360.9853,1371.2896,731017
20210406,1372.6989,1399.7718,1372.6989,1387.1345,171421
20210407,1387.1345,1416.2974,1382.6143,1409.0553,296617
20210408,1409.2984,1423.5882,1385.9681,1390.5856,628533
20210409,1390.0997,1402.6398,1367.5956,1379.9899,909210
20210412,1379.9898,1379.9898,1292.7927,1313.3525,902033
20210413,1327.4963,1349.1741,1308.2973,1325.9409,748685
20210415,1325.9411,1356.7081,1297.3129,1347.9105,597218
20210416,1336.6342,1388.1554,1336.6342,1377.6082,825956
20210419,1370.6577,1370.6577,1296.4381,1322.7333,1174639
20210420,1351.2157,1378.4345,1327.9826,1359.9646,928686
20210422,1342.1753,1360.9369,1334.0098,1341.5436,443394
20210423,1336.6344,1365.7002,1336.6344,1342.6614,463636
20210426,1371.8243,1421.3527,1351.2645,1411.097,1698950
20210427,1423.7827,1440.6486,1381.545,1399.5288,541749
20210428,1411.194,1413.9159,1381.9825,1385.1418,273683
20210429,1391.0717,1406.1878,1373.1365,1378.2886,244982
20210430,1374.1572,1384.3642,1360.9367,1374.546,512509
20210503,1375.5181,1402.7369,1351.4101,1395.5433,375833
20210504,1397.8764,1430.8791,1383.1978,1402.9313,425540
20210505,1417.0752,1430.9276,1400.6954,1411.194,273192
20210506,1415.763,1440.5515,1409.5415,1413.1869,286586
20210507,1428.9835,1428.9835,1402.7369,1409.4929,244058
20210510,1409.4929,1457.9521,1406.3822,1455.619,673766
20210511,1451.8279,1470.7838,1428.9836,1443.3707,452283
20210512,1442.5929,1452.9943,1422.7621,1440.3571,408625
20210514,1443.5648,1475.644,1420.0401,1431.9968,490693
20210517,1432.8721,1455.6677,1420.3806,1434.3302,506156
20210518,1443.2735,1466.8955,1431.1709,1445.558,442991
20210519,1452.2165,1469.6656,1436.9545,1462.9581,332439
20210520,1466.8468,1503.8352,1453.1889,1485.2195,896399
20210521,1497.0304,1511.3688,1463.9791,1484.782,403021
20210524,1487.2121,1510.591,1448.0366,1451.8278,402726
20210525,1455.716,1474.6719,1423.2479,1438.5585,418785
20210526,1450.1753,1457.709,1424.5119,1435.6423,456731
20210527,1440.2597,1446.4811,1390.0994,1406.0419,1130538
20210528,1420.1372,1523.2767,1420.1372,1442.6412,2092732
20210531,1450.2725,1452.9943,1414.2563,1430.8306,682347
20210601,1439.1904,1454.2579,1421.2066,1425.8727,423101
20210602,1433.3581,1437.7325,1416.3464,1426.1646,705986
20210603,1436.7603,1443.565,1427.1365,1433.6497,322667
20210604,1439.6766,1439.6766,1403.709,1407.1113,1058971
20210607,1415.3742,1416.5893,1395.1059,1404.0492,694398
20210608,1409.1041,1428.9834,1397.925,1426.7476,586141
20210609,1433.8439,1448.8143,1422.1788,1432.7747,866486
20210610,1431.8999,1462.0349,1431.8027,1459.7505,717238
20210611,1460.0908,1479.9702,1446.1412,1473.4572,514523
20210614,1472.7279,1487.5038,1452.3139,1462.3265,418230
20210615,1466.6523,1477.5884,1453.286,1461.0627,320946
20210616,1454.258,1539.7539,1454.258,1473.8943,2333441
20210617,1473.8942,1487.3092,1448.4253,1466.0203,567744
20210618,1469.0825,1498.0996,1443.6622,1491.1978,704322
20210621,1488.2813,1520.3606,1478.9006,1484.7332,420137
20210622,1492.5587,1510.9799,1477.5884,1482.4489,432914
20210623,1488.2814,1506.7513,1475.6441,1490.8088,426814
20210624,1501.8909,1504.8072,1477.7343,1482.692,219795
20210625,1486.3373,1515.5002,1482.7405,1505.925,706530
20210628,1515.5002,1562.1609,1505.925,1553.7522,1483124
20210629,1553.412,1563.133,1529.1095,1537.7612,575662
20210630,1535.9142,1553.412,1512.6326,1523.277,392508
20210701,1533.9701,1549.9611,1511.6605,1515.3059,620571
20210702,1521.3328,1532.9007,1506.7999,1510.105,399379
20210705,1526.3876,1567.0214,1514.6253,1522.9368,618930
20210706,1535.9139,1543.5449,1519.3396,1524.6862,250878
20210707,1526.1932,1550.8359,1512.1465,1544.7603,375590
20210708,1550.8359,1560.2167,1521.7216,1525.4155,411390
20210709,1532.6091,1532.6577,1512.2437,1524.8323,244062
20210712,1531.0538,1553.412,1531.0538,1540.7748,275434
20210713,1543.691,1550.4957,1497.0303,1500.141,481159
20210714,1506.0221,1506.0221,1473.6999,1488.9132,1031226
20210715,1495.4748,1509.6188,1492.6557,1504.7583,200824
20210716,1504.7584,1514.1878,1476.6649,1478.9978,439481
20210719,1483.4209,1491.3435,1441.6694,1448.1824,639322
20210720,1450.3695,1450.3695,1425.6782,1435.9824,446751
20210722,1440.6486,1508.6954,1439.5793,1500.7728,672911
20210723,1467.8675,1469.7631,1428.7893,1443.3707,2037167
20210726,1453.286,1455.9106,1411.4858,1415.3256,823269
20210727,1417.4155,1438.9475,1416.5406,1433.0177,493633
20210728,1433.2121,1463.0069,1424.2202,1457.5145,616198
20210729,1457.5146,1465.7775,1441.9125,1454.2095,456612
20210730,1465.8258,1471.6584,1431.4622,1434.5729,536774
20210802,1439.9829,1450.9974,1409.4735,1418.4899,946078
20210803,1423.1199,1425.9467,1407.7678,1412.6415,790799
20210804,1413.3724,1434.9629,1403.625,1408.7911,436733
20210805,1413.3724,1424.5331,1400.7008,1409.9608,901620
20210806,1413.3724,1420.9266,1404.1124,1409.376,414404
20210809,1415.3221,1422.1453,1392.9031,1402.1631,254588
20210810,1408.3038,1416.6865,1384.4227,1400.5059,454307
20210811,1403.6249,1411.9102,1372.677,1405.2333,795227
20210812,1409.4735,1422.6325,1390.4661,1413.4213,923594
20210813,1425.0694,1428.9683,1408.1089,1413.4213,1030312
20210816,1418.2461,1426.044,1392.318,1404.8922,678741
20210817,1412.2027,1422.6324,1398.6538,1414.2983,362506
20210818,1418.2461,1452.362,1415.6143,1446.9034,854268
20210820,1441.64,1457.2359,1425.0695,1435.0605,771225
20210823,1435.7914,1452.3132,1423.1686,1448.3656,500489
20210824,1457.2356,1465.9108,1414.3958,1428.2371,685910
20210825,1427.0188,1443.3945,1422.7787,1427.4574,328010
20210826,1424.192,1447.4883,1411.4229,1433.9882,777720
20210827,1445.3927,1528.1969,1440.4703,1518.3519,2896418
20210830,1529.3663,1559.5833,1525.4674,1545.1084,1217030
20210831,1544.9622,1561.1917,1529.0253,1554.3197,714442
20210901,1559.5832,1612.0243,1559.5832,1592.1882,955812
20210902,1569.3796,1615.436,1561.4354,1587.7534,764801
20210903,1587.8507,1603.4466,1574.4968,1588.5818,478721
20210906,1603.7878,1603.7878,1521.1299,1523.8591,1124382
20210907,1525.8087,1557.634,1520.1065,1549.5436,1089883
20210908,1549.5436,1576.3977,1541.1608,1570.0619,752222
20210909,1577.1287,1585.3652,1563.4823,1580.6865,370982
20210913,1582.0026,1610.1726,1569.7209,1595.5027,621503
20210914,1583.9029,1588.4355,1538.8212,1573.9119,1148377
20210915,1565.9192,1587.5584,1554.6609,1570.3055,773385
20210916,1582.9771,1587.6071,1564.7495,1575.4229,513071
20210917,1574.1072,1580.6379,1559.5835,1563.4337,650250
20210920,1549.2509,1615.1433,1542.0378,1587.0221,1223575
20210921,1582.977,1600.5223,1564.6518,1596.6721,528009
20210922,1599.4503,1632.6888,1577.1287,1586.5836,776299
20210923,1588.7768,1595.6487,1530.3899,1536.9207,1539115
20210924,1543.0128,1564.3108,1538.1391,1547.058,976417
20210927,1550.0799,1555.6847,1512.5524,1527.6609,856495
20210928,1526.4422,1530.2924,1506.9474,1522.9818,509543
20210929,1501.1476,1564.5057,1501.1476,1559.9731,779976
20210930,1558.7549,1582.5386,1543.0128,1549.3486,733253
20211001,1548.8611,1586.876,1521.8609,1542.5741,953316
20211004,1551.7854,1566.3577,1528.3429,1536.9207,387636
20211005,1503.2921,1547.8864,1502.6098,1509.5791,3686947
20211006,1519.6191,1521.5198,1505.4854,1514.2581,1113928
20211007,1522.2508,1527.3196,1497.2001,1509.4331,576382
20211008,1511.8211,1514.7453,1482.0915,1490.7667,1293018
20211011,1494.081,1504.4619,1479.0212,1497.7849,731875
20211012,1497.2001,1507.5323,1481.7017,1494.2271,635193
20211013,1494.8121,1503.146,1475.6584,1481.9454,847206
20211014,1485.5032,1490.3769,1475.7558,1481.8479,423838
20211018,1500.8065,1501.0989,1479.6547,1481.068,516940
20211019,1486.8677,1505.5827,1477.169,1490.5717,674830
20211020,1493.3012,1496.2254,1458.7954,1466.3984,844842
20211021,1479.6549,1488.1351,1447.4885,1467.3732,553982
20211022,1474.5374,1492.0339,1453.7754,1462.6456,941101
20211025,1470.2973,1470.2973,1438.2771,1459.1365,373740
20211026,1459.1366,1480.5322,1455.6763,1467.7144,398883
20211027,1466.9829,1487.4037,1457.1867,1462.4991,874605
20211028,1464.0103,1481.6044,1423.3637,1434.6219,449386
20211029,1438.7269,1463.1128,1402.7098,1448.061,358571
20211101,1455.3425,1487.4988,1444.6401,1483.4426,517466
20211102,1493.461,1499.472,1469.2705,1474.3041,714887
20211103,1480.5593,1497.3215,1474.8904,1493.7542,388656
20211104,1494.4384,1503.2349,1489.8447,1494.0963,31674
20211108,1499.3253,1503.186,1471.0298,1476.6986,773438
20211109,1476.8454,1485.6419,1471.0299,1474.7928,332602
20211110,1469.9545,1510.0767,1466.0938,1492.8745,1104358
20211111,1492.4834,1499.3251,1467.1688,1473.7174,554680
20211112,1484.6644,1490.1378,1469.0261,1476.1122,286747
20211115,1482.7096,1507.1445,1468.6351,1501.8177,446822
20211116,1508.8549,1513.2532,1480.9991,1485.6417,265077
20211117,1477.5294,1496.3931,1476.6498,1494.4384,566753
20211118,1494.4382,1501.0356,1456.8085,1478.1646,598304
20211122,1477.8227,1485.5441,1424.0659,1429.2949,774628
20211123,1417.1263,1439.8018,1386.9247,1425.5319,583697
20211124,1426.9981,1487.5966,1426.9981,1454.2675,1355957
20211125,1460.2294,1474.9881,1437.6027,1459.2031,926456
20211126,1456.3199,1461.2069,1415.367,1420.7916,870438
20211129,1407.4501,1426.4116,1386.9248,1401.8301,552009
20211130,1401.9278,1421.4269,1392.9358,1404.86,1428578
20211201,1413.3145,1417.0287,1401.146,1407.9388,397870
20211202,1407.4501,1439.1666,1404.518,1430.6144,515144
20211203,1442.2453,1452.8012,1401.5857,1416.6376,1149769
20211206,1417.2729,1430.5165,1379.1055,1387.3157,542372
20211207,1392.7892,1407.4502,1373.1924,1384.3347,873771
20211208,1401.6346,1417.224,1388.3908,1412.337,774617
20211209,1412.337,1418.5434,1395.3792,1405.1042,329879
20211210,1410.6756,1413.7543,1400.0219,1407.3524,343809
20211213,1408.4275,1412.3371,1385.9474,1388.8307,675222
20211214,1391.4209,1406.4239,1375.0984,1402.5143,496630
20211215,1397.774,1399.6311,1362.3923,1368.8431,704620
20211216,1375.1961,1386.2895,1349.0997,1376.6133,658200
20211217,1375.3914,1380.083,1320.4618,1328.0366,1499248
20211220,1319.4844,1326.3751,1285.2756,1320.8528,652830
20211221,1326.3262,1355.7458,1320.8528,1338.6414,861852
20211222,1335.0251,1351.7386,1312.1051,1314.793,539391
20211223,1317.5297,1335.0739,1313.4735,1323.2474,510565
20211224,1329.2583,1330.7244,1304.9212,1310.0525,234118
20211227,1307.7556,1322.612,1297.4929,1316.2101,265507
20211228,1321.0973,1372.2639,1319.1913,1357.8962,792097
20211229,1365.5688,1375.4404,1344.3592,1349.0018,595610
20211230,1347.6824,1348.7087,1328.2322,1342.7954,373434
20211231,1342.7953,1375.147,1341.7201,1369.5759,343301
20220103,1370.3091,1398.9469,1366.6439,1377.9329,295484
20220104,1384.97,1405.4953,1383.0152,1391.4208,390918
20220105,1397.5784,1423.2839,1393.2779,1416.7843,344446
20220106,1397.9204,1426.0205,1397.9204,1416.1976,312701
20220107,1408.4273,1431.7871,1407.059,1413.8519,334076
20220110,1427.9264,1438.7267,1402.5631,1412.1416,302135
20220111,1402.5631,1417.0287,1386.4361,1394.3042,679549
20220112,1397.5784,1401.5857,1382.0378,1394.8417,344002
20220113,1396.0147,1413.6566,1376.3201,1378.1283,730701
20220114,1370.7977,1395.4769,1369.8692,1383.5527,357396
20220117,1383.5527,1431.2008,1383.5527,1399.9729,491451
20220118,1426.9979,1431.8849,1382.4775,1414.8782,1692259
20220119,1422.9907,1422.9907,1380.1807,1390.8344,452596
20220120,1362.49,1362.49,1288.3056,1355.0618,2296373
20220121,1329.356,1367.4745,1325.3487,1350.4189,536891
20220124,1346.8515,1348.2199,1295.5872,1300.9139,763104
20220125,1300.914,1324.8113,1275.5017,1315.7216,1105736
20220127,1303.7486,1358.5315,1288.2569,1342.1602,809958
20220128,1335.123,1383.7973,1335.123,1342.1602,506536
20220131,1351.7387,1365.8132,1330.2359,1338.1528,1035056
20220201,1342.9419,1371.1397,1334.8295,1338.2015,857386
20220202,1339.0324,1365.9597,1339.0324,1352.667,410524
20220203,1351.7386,1359.5577,1335.807,1353.1069,316535
20220204,1355.6481,1359.851,1322.4167,1333.9988,660886
20220207,1329.356,1341.4268,1296.1246,1306.7782,972861
20220208,1306.7783,1357.3096,1306.7294,1335.3182,1016198
20220209,1342.8931,1347.047,1320.4619,1335.9536,604378
20220210,1335.318,1335.318,1307.8532,1313.8643,579032
20220211,1309.7105,1325.7398,1286.0086,1313.1313,837852
20220214,1295.0497,1297.8352,1251.3112,1256.6869,970046
20220215,1256.6868,1270.5658,1245.2024,1265.8254,739559
20220216,1266.7051,1274.5242,1253.0215,1258.0062,427094
20220217,1254.9763,1276.87,1254.9763,1267.6825,655859
20220218,1267.5359,1272.9605,1246.1798,1253.608,391940
20220221,1246.1798,1255.7584,1226.7296,1238.1163,581516
20220222,1218.8127,1258.3972,1207.084,1246.9128,668981
20220223,1248.6232,1258.8859,1237.5298,1250.969,549493
20220224,1231.3234,1241.2927,1207.0839,1212.8016,838799
20220225,1212.9482,1251.0667,1212.9482,1243.5408,402028
20220228,1230.5415,1245.007,1198.2385,1235.233,1341945
20220302,1229.0753,1233.4736,1210.0161,1223.2599,915621
20220303,1249.112,1249.112,1210.9935,1212.5085,507149
20220304,1207.0841,1208.0615,1179.717,1190.7616,1697979
20220307,1191.4456,1198.4828,1165.0559,1178.1041,711060
20220308,1172.875,1206.2531,1170.9692,1190.1261,1009790
20220309,1209.9184,1217.8353,1177.7132,1208.1591,1380187
20220310,1231.5186,1255.7581,1219.7899,1231.6653,1099064
20220311,1231.5188,1236.4058,1220.3277,1227.6093,670143
20220314,1235.4284,1241.6348,1200.7308,1228.6843,454323
20220315,1225.7521,1238.947,1176.247,1183.3331,807720
20220316,1192.6185,1220.0345,1181.2807,1191.6411,1180168
20220317,1213.9257,1245.4468,1186.9496,1240.7064,1520083
20220321,1249.0631,1249.0631,1210.0161,1212.5085,587899
20220322,1212.6063,1224.6771,1196.4303,1222.1359,388976
20220323,1222.7224,1243.0523,1219.6925,1224.1885,628795
20220324,1219.79,1228.3423,1209.6251,1216.0271,532228
20220325,1221.7449,1245.6422,1219.7901,1236.9435,1058844
20220328,1245.2022,1245.2022,1213.9744,1237.1387,618924
20220329,1237.1388,1255.3673,1235.0863,1247.0105,349086
20220330,1247.0106,1306.143,1247.0106,1299.8389,650566
20220331,1296.1735,1316.0635,1288.1588,1298.2749,649870
20220401,1291.2378,1322.5634,1287.1816,1318.1162,212179
20220404,1318.1162,1336.2957,1309.0265,1319.4357,579597
20220405,1314.5976,1328.4278,1309.7106,1321.2927,175565
20220406,1319.2889,1343.9193,1318.9957,1336.4911,268510
20220407,1336.4912,1372.6549,1336.1492,1365.0801,582805
20220408,1368.1589,1372.2639,1339.6189,1349.0018,312378
20220411,1344.5545,1355.1103,1321.439,1325.3486,397845
20220412,1325.3488,1336.4911,1314.9395,1322.0256,362320
20220413,1317.1875,1333.1679,1315.0861,1327.9388,163075
20220418,1321.0483,1343.7239,1315.5749,1326.6195,217047
20220419,1327.8902,1352.5694,1302.1847,1312.0564,324789
20220420,1315.5749,1343.9194,1307.267,1332.2883,398694
20220421,1332.1905,1380.0829,1332.1905,1369.3315,546851
20220422,1314.5975,1319.4844,1283.8584,1288.2078,2371544
20220425,1285.2758,1297.0045,1251.0669,1276.2349,554626
20220426,1282.9298,1302.6732,1273.1558,1298.1771,291069
20220427,1280.3885,1308.684,1277.7496,1288.5986,346202
20220428,1295.0006,1326.1796,1292.1662,1307.267,654326
20220429,1308.3423,1312.5451,1246.2288,1251.2623,1065203
20220502,1244.4694,1259.1792,1223.6997,1254.8787,378864
20220504,1254.8786,1265.8743,1238.4095,1246.3264,284167
20220505,1259.8634,1285.7644,1251.6532,1260.743,324056
20220506,1252.3372,1265.1411,1236.5033,1252.4349,199042
20220509,1247.3524,1261.4269,1228.5864,1235.7703,331402
20220510,1239.3379,1261.5737,1234.06,1239.1913,272485
20220511,1246.1798,1264.3593,1241.9281,1255.4161,464070
20220512,1251.0667,1255.3672,1214.0233,1220.8651,528459
20220513,1224.2861,1279.6556,1221.3539,1251.4578,667977
20220516,1264.7504,1282.2458,1253.9501,1268.5133,479794
20220517,1275.5016,1285.6176,1256.8821,1281.708,466755
20220518,1286.2531,1294.7564,1244.3228,1256.2959,525100
20220519,1236.6012,1251.0667,1216.8579,1222.6733,560493
20220520,1232.4963,1239.2403,1218.3729,1223.3087,528786
20220523,1220.7675,1220.7675,1189.0021,1193.2538,525859
20220524,1197.31,1199.167,1171.8977,1184.7015,575696
20220525,1184.7016,1231.5189,1178.7395,1221.3052,807827
20220526,1234.451,1246.1798,1220.0834,1239.1426,490371
20220527,1241.2928,1252.4351,1222.7222,1231.7142,468268
20220530,1236.4059,1265.288,1231.8122,1261.134,351575
20220531,1256.5401,1270.5657,1216.0759,1237.2366,2109279
20220601,1239.289,1239.289,1214.9031,1224.335,469989
20220602,1230.7858,1230.7858,1198.2874,1207.9636,444779
20220603,1214.3168,1218.1775,1188.0248,1190.7616,603052
20220606,1192.4231,1194.329,1171.8978,1173.7059,750844
20220607,1163.1012,1169.8941,1117.4569,1125.5204,1117981
20220608,1136.1251,1136.1251,1078.0678,1082.6615,4260384
20220609,1092.8263,1122.0505,1092.8263,1099.8636,2288225
20220610,1096.6382,1105.4348,1084.0298,1095.7097,1109164
20220613,1094.9767,1102.9913,1046.791,1088.7701,1524945
20220614,1088.9655,1123.0278,1069.8574,1119.9001,1312603
20220615,1119.9002,1134.7566,1106.7542,1124.7383,450709
20220616,1128.8922,1136.125,1094.6834,1106.2655,672515
20220617,1095.6607,1109.3443,1079.7291,1088.037,1136156
20220620,1095.6119,1103.48,1081.2443,1100.8899,388341
20220621,1109.3444,1122.6369,1106.3145,1115.2087,280231
20220622,1117.1145,1117.1145,1086.8641,1109.2953,919853
20220623,1105.4347,1111.8367,1093.1196,1099.8147,383525
20220624,1104.6039,1105.6301,1086.6687,1095.0254,450371
20220627,1104.4574,1120.0957,1095.0255,1107.6829,411878
20220628,1110.3217,1133.7792,1077.2369,1092.9729,1844323
20220629,1079.0451,1098.1043,1079.0451,1086.4733,392085
20220630,1085.8868,1104.3596,1083.7854,1095.6118,619793
20220701,1094.6835,1124.0054,1080.8533,1119.8514,228217
20220704,1123.0279,1141.5984,1112.1299,1135.5386,372144
20220705,1135.734,1168.8677,1134.2679,1160.2178,923135
20220706,1157.3345,1207.084,1157.2857,1204.3961,647362
20220707,1221.745,1266.6075,1195.1599,1249.5031,1265608
20220708,1256.9311,1261.085,1235.4284,1247.3525,646576
20220711,1248.1346,1254.6343,1225.1658,1237.4321,314578
20220712,1232.4963,1235.4285,1200.2912,1202.8324,281608
20220713,1204.1517,1212.8016,1186.0699,1204.1028,624780
20220714,1204.1028,1225.8988,1202.5879,1222.429,266983
20220715,1221.696,1231.4212,1216.858,1225.9966,211719
20220718,1231.4212,1252.1908,1219.4969,1243.0033,385061
20220719,1244.6161,1247.7437,1225.6546,1241.7816,493959
20220720,1252.9727,1252.9727,1179.7658,1189.3442,2801062
20220721,1199.167,1210.8468,1183.0887,1197.6031,820117
20220722,1206.8884,1207.0838,1176.8335,1187.5848,497066
20220725,1192.3252,1192.3252,1154.3045,1162.3191,737793
20220726,1161.5374,1161.5374,1127.915,1130.8472,667568
20220727,1131.2868,1163.3455,1128.8923,1161.4884,439202
20220728,1166.396,1178.8123,1161.1448,1167.2302,849859
20220729,1174.7882,1202.9089,1171.0093,1197.3633,639036
20220801,1202.3689,1212.1841,1194.0259,1208.0618,518200
20220802,1208.258,1221.0178,1190.3452,1218.9567,510629
20220803,1219.0548,1224.1097,1190.885,1206.8348,285116
20220804,1206.9329,1217.0917,1168.0154,1179.99,1042786
20220805,1187.4497,1194.5167,1172.4815,1177.6835,552645
20220808,1183.5237,1195.4983,1162.2245,1191.6703,589736
20220810,1195.4983,1219.8892,1190.8361,1207.9147,832004
20220811,1211.1534,1228.1829,1207.8653,1218.024,519958
20220812,1221.0179,1221.0179,1202.6142,1214.9814,659145
20220816,1220.0364,1277.9464,1217.1409,1272.0573,709618
20220817,1274.0203,1343.7086,1272.1064,1330.458,1675014
20220818,1329.9674,1337.1325,1298.6567,1302.2393,418587
20220819,1302.2393,1302.2393,1261.2606,1265.4812,377176
20220822,1260.2788,1267.1004,1211.2025,1237.3602,1493498
20220823,1222.981,1235.25,1212.0369,1226.3672,733327
20220824,1214.5889,1228.7229,1206.0988,1220.7726,783760
20220825,1228.8701,1260.966,1205.7062,1237.0168,2414864
20220826,1251.6905,1265.9226,1231.8146,1236.7714,595664
20220829,1221.9996,1245.5562,1197.4614,1235.201,469827
20220830,1242.6116,1268.9655,1242.3171,1264.4996,547882
20220901,1264.1069,1264.1069,1241.6791,1248.0099,296026
20220902,1249.5802,1260.9659,1230.1461,1235.7407,291574
20220905,1241.6299,1251.5924,1231.9619,1238.5381,245382
20220906,1245.0653,1253.899,1191.5722,1196.4307,1852358
20220907,1199.4243,1244.1819,1199.4243,1226.269,1060134
20220908,1231.8148,1259.1503,1199.4244,1206.0006,1192677
20220909,1220.0365,1230.2444,1187.597,1198.7374,1262273
20220912,1197.4615,1227.2017,1194.2224,1217.4846,706476
20220913,1240.2067,1250.4636,1202.9088,1212.9203,930820
20220914,1203.3505,1231.4712,1199.1298,1222.2939,628651
20220915,1225.9256,1225.9256,1204.4793,1212.037,496799
20220916,1206.5405,1216.9938,1186.6646,1192.9464,1026469
20220919,1190.149,1199.179,1174.9353,1185.683,329474
20220920,1191.5722,1211.988,1177.8309,1193.1918,393867
20220921,1191.5721,1198.6882,1173.4139,1177.978,477872
20220922,1169.9785,1180.0883,1161.1448,1172.4814,317223
20220923,1181.7568,1201.3873,1153.8325,1157.6113,995567
20220926,1153.2925,1156.188,1121.0495,1124.4357,988721
20220927,1138.5698,1143.4774,1126.1535,1136.9994,528786
20220928,1132.6805,1149.5137,1118.9392,1142.5449,501473
20220929,1145.8821,1155.3538,1127.5767,1144.4098,824143
20220930,1144.4099,1144.4591,1126.7916,1129.8834,1527493
20221003,1129.5887,1132.7297,1098.3272,1104.658,1267334
20221004,1115.0131,1132.5333,1114.0316,1128.7053,523647
20221006,1134.3491,1145.4404,1125.1229,1139.0114,1007667
20221007,1143.3302,1143.3302,1117.9578,1123.7488,1134702
20221010,1114.6205,1117.7123,1095.6771,1108.2406,1053052
20221011,1114.0316,1130.8648,1106.1302,1114.0807,836099
20221012,1114.0807,1121.8838,1100.094,1113.3446,746825
20221013,1109.1238,1121.6383,1100.0447,1110.8906,476988
20221014,1115.9947,1123.8469,1102.3025,1105.8359,1441873
20221017,1105.198,1116.4855,1097.9347,1111.4307,915437
20221018,1117.0254,1129.7361,1110.7436,1128.1656,1490999
20221019,1156.2372,1160.1633,1111.0379,1116.8781,2589174
20221020,1117.8594,1135.8704,1106.1792,1131.6498,914488
20221021,1131.6992,1142.1525,1114.1299,1130.4723,995950
20221024,1143.4773,1147.0599,1124.681,1128.7544,79894
20221025,1133.6621,1145.195,1128.411,1132.6315,594839
20221027,1145.9339,1147.9046,1133.6661,1145.0471,493714
20221028,1150.8116,1155.6399,1142.3374,1147.3135,468144
20221031,1158.7931,1166.5775,1139.5784,1152.8315,829508
20221101,1157.8077,1159.5321,1145.0964,1154.9501,375840
20221102,1154.8516,1159.7785,1141.9925,1150.7623,799025
20221103,1141.4506,1152.8315,1139.7262,1148.151,391305
20221104,1151.8954,1151.8954,1135.2426,1144.1603,235006
20221107,1145.4906,1149.3828,1130.7594,1143.2736,472838
20221109,1143.2735,1153.8662,1131.8925,1138.593,364895
20221110,1137.1149,1142.9778,1113.7618,1118.2451,467236
20221111,1123.8617,1132.1387,1111.9387,1115.3383,619654
20221114,1120.9549,1124.0588,1107.1597,1116.8656,334306
20221115,1114.9442,1116.3729,1099.7695,1103.8094,1274776
20221116,1108.3423,1120.8071,1100.9027,1114.7964,892837
20221117,1119.9203,1130.2174,1107.0612,1110.7563,641922
20221118,1112.4806,1125.2904,1107.8001,1120.0679,449207
20221121,1120.068,1122.5808,1104.5978,1111.249,1030548
20221122,1111.2491,1117.4077,1108.0467,1112.136,341523
20221123,1112.1359,1120.61,1109.1798,1117.3583,1248207
20221124,1118.9841,1153.8661,1118.245,1152.7822,1462853
20221125,1157.8078,1157.8078,1138.1004,1142.3867,475121
20221128,1145.4905,1156.2311,1136.7207,1141.8447,1132220
20221129,1145.9832,1169.632,1142.1402,1158.4973,538581
20221130,1164.311,1195.4486,1158.8423,1193.4287,1400360
20221201,1194.6606,1211.0177,1187.3688,1206.682,971036
20221202,1206.6819,1235.6024,1204.1693,1220.5264,864356
20221205,1221.8072,1226.537,1200.1784,1205.4994,423089
20221206,1199.6859,1220.8713,1193.9215,1202.2971,823892
20221207,1209.0468,1240.2337,1209.0468,1227.6703,762091
20221208,1228.7541,1242.5493,1223.4824,1230.8727,778965
20221209,1240.3816,1243.4855,1223.9752,1229.6903,552253
20221212,1229.6902,1233.6317,1207.8644,1211.8551,380539
20221213,1217.9151,1233.4347,1197.2224,1206.5341,436001
20221214,1207.0761,1230.6756,1207.0761,1225.5024,410641
20221215,1231.6117,1243.0913,1207.3717,1216.1414,515065
20221216,1212.0028,1223.8272,1203.6272,1218.3584,423279
20221219,1218.9006,1231.7104,1206.5341,1230.0845,307588
20221220,1230.0843,1235.5038,1211.2638,1218.3584,584204
20221221,1219.4425,1233.681,1198.7989,1206.4849,493935
20221222,1206.485,1224.8128,1194.9069,1221.6104,533499
20221223,1216.1907,1220.8712,1196.3849,1205.6965,824353
20221226,1205.1545,1235.6023,1205.1052,1220.5754,665901
20221227,1220.8713,1235.6518,1210.4264,1224.5664,330784
20221228,1224.5663,1235.6517,1212.0028,1218.0135,432836
20221229,1212.0028,1226.7834,1201.9028,1217.6687,532654
20221230,1223.778,1240.5786,1216.8805,1218.7035,608914
20230102,1221.8072,1230.6755,1208.3077,1223.1868,336946
20230103,1223.3345,1268.6615,1222.2998,1249.0526,1324059
20230104,1254.3737,1259.6947,1226.7834,1230.8727,753595
20230105,1239.5932,1262.5523,1228.36,1258.3152,671500
20230106,1264.9172,1270.1397,1246.5402,1253.0928,442656
20230109,1266.1983,1268.711,1227.7689,1242.2538,467830
20230110,1241.7611,1247.8704,1220.4279,1223.5317,474112
20230111,1219.4916,1229.6902,1218.1614,1223.778,534699
20230112,1222.842,1229.8381,1210.6234,1220.3292,372536
20230113,1222.8419,1239.199,1219.1468,1236.7849,426159
20230116,1239.544,1253.3884,1226.8328,1231.2177,682555
20230117,1237.3269,1237.3762,1212.939,1231.0206,675386
20230118,1215.9444,1215.9444,1157.315,1182.5897,3977121
20230119,1176.5789,1180.1262,1145.7368,1152.4866,1400021
20230120,1152.4867,1155.7877,1133.1735,1136.6223,3037703
20230123,1136.6222,1145.6875,1125.8325,1143.0271,832729
20230124,1147.9541,1147.9541,1119.6741,1126.8672,427495
20230125,1125.3399,1125.9311,1107.9973,1120.3145,214543
20230127,1129.0841,1129.0841,1099.6709,1115.1411,500248
20230130,1115.4369,1122.0881,1098.6856,1117.0134,519697
20230131,1119.8216,1122.5314,1102.5285,1113.2197,1211804
20230201,1118.1958,1128.0495,1089.9157,1108.884,657740
20230202,1100.6563,1119.5753,1091.4431,1113.8109,552867
20230203,1115.4862,1122.3344,1093.9558,1116.8656,199219
20230206,1116.8656,1123.0241,1101.6417,1117.6046,202835
20230207,1123.5167,1131.0056,1099.5723,1103.2675,414200
20230208,1109.032,1118.393,1101.0012,1114.5009,255558
20230209,1114.5008,1123.3198,1106.5685,1118.6393,234840
20230210,1122.2852,1137.115,1118.6394,1135.5385,190828
20230213,1138.1003,1138.1003,1122.5807,1126.4237,195148
20230214,1122.5808,1136.3759,1122.5808,1124.9457,174191
20230215,1118.6394,1127.0644,1110.7071,1118.5901,306763
20230216,1118.3929,1121.9895,1096.7641,1102.0358,601356
20230217,1098.4885,1105.5831,1094.005,1101.0504,320946
20230220,1102.6764,1107.0612,1091.8865,1097.4539,444030
20230221,1096.7148,1103.9572,1080.2099,1084.0529,536446
20230222,1080.2099,1088.0929,1073.3123,1082.3777,362708
20230223,1085.3339,1089.7188,1065.4295,1078.0914,283881
20230224,1078.9782,1085.4817,1071.046,1073.1646,214234
20230227,1075.5296,1083.9052,1064.6905,1081.3433,224597
20230228,1084.0035,1092.8226,1072.7703,1085.7279,475223
20230301,1085.8758,1089.7187,1075.8742,1084.3484,196382
20230302,1088.832,1090.0637,1067.1539,1070.9475,954939
20230303,1074.0515,1075.9237,1060.2563,1063.3109,538047
20230306,1068.5825,1079.4709,1058.5318,1076.5641,461653
20230308,1076.5148,1078.8797,1065.8235,1077.4016,459244
20230309,1077.4018,1082.9198,1064.2963,1068.1886,259973
20230310,1063.2122,1069.1244,1056.4132,1059.4186,364757
20230313,1060.6996,1094.2022,1060.6996,1065.2816,820862
20230314,1065.3802,1069.3709,1036.8538,1056.3148,540425
20230315,1067.1538,1067.1538,1041.7313,1045.1309,440551
20230316,1047.8899,1055.4773,1033.7007,1045.7715,302074
20230317,1049.3678,1058.9752,1046.8059,1055.4279,475397
20230320,1047.0031,1073.1646,1047.0031,1063.3109,1047458
20230321,1069.0751,1077.9434,1049.5156,1067.3015,707945
20230322,1067.3017,1076.0221,1059.7636,1065.8728,248389
20230323,1066.1191,1084.8411,1064.3947,1068.0406,433489
20230324,1067.5478,1069.0259,1053.9005,1060.6503,346534
20230327,1062.1777,1068.3362,1050.2547,1058.5319,394579
20230328,1064.1483,1067.0552,1045.0815,1049.762,319213
20230329,1059.862,1064.1976,1046.2147,1057.4971,376572
20230331,1057.7928,1072.0806,1052.4226,1053.8513,793594
20230403,1059.3693,1068.1391,1050.6488,1063.902,839450
20230405,1076.0221,1096.7148,1066.1684,1077.0568,513931
20230406,1074.0513,1077.8449,1065.2815,1072.7211,245989
20230410,1076.0221,1085.6294,1066.4641,1082.7719,245512
20230411,1083.905,1085.4816,1062.1776,1069.8635,346671
20230412,1074.0515,1077.9437,1065.0354,1074.889,481932
20230413,1075.9235,1080.2592,1068.6318,1071.9327,661040
20230417,1076.9089,1091.3445,1066.1683,1087.9449,509340
20230418,1090.8026,1121.2997,1077.5494,1114.2051,872244
20230419,1108.5886,1108.5886,1054.886,1060.4532,3169350
20230420,1064.0993,1075.0369,1045.8207,1060.5027,666329
20230421,1065.7743,1065.9221,1039.5635,1044.0962,559059
20230424,1054.3441,1074.8398,1050.452,1053.7529,957468
20230425,1059.2708,1066.9567,1053.6049,1058.0391,576203
20230426,1057.3,1057.3,1045.4755,1055.1322,494260
20230427,1059.0739,1059.0739,1043.1602,1050.5011,988205
20230428,1054.3441,1067.1539,1050.5011,1063.3602,527428
20230502,1063.4093,1074.741,1060.5518,1071.1445,584124
20230503,1073.8543,1074.544,1061.2908,1072.5239,448506
20230504,1070.1098,1084.5455,1066.3162,1073.8542,470960
20230505,1070.6025,1081.9343,1054.344,1056.4625,369250
20230508,1058.2855,1071.0953,1054.344,1067.0553,288054
20230509,1069.1245,1084.7919,1064.8382,1082.4763,428096
20230510,1093.7587,1094.7441,1077.0074,1091.8373,564308
20230511,1091.8372,1095.5816,1086.2699,1093.8572,373263
20230512,1096.1728,1109.6724,1089.8172,1101.8386,403079
20230515,1106.5685,1115.1412,1095.9758,1102.8241,285321
20230516,1110.4607,1110.4607,1094.2515,1100.9027,502923
20230517,1103.6617,1103.6617,1084.0035,1086.2206,249895
20230518,1093.5618,1103.514,1076.5149,1078.7812,307752
20230519,1082.9197,1084.4962,1058.1376,1060.8967,421302
20230522,1062.7196,1081.9343,1058.8767,1076.7118,687647
20230523,1077.9928,1083.905,1066.1684,1068.7303,667188
20230524,1061.2416,1067.2523,1050.6982,1058.926,1032560
20230525,1058.6303,1067.1044,1053.8513,1064.4933,574576
20230526,1066.1685,1088.7335,1064.0008,1083.8558,658681
20230529,1192.197,1237.3268,1158.8915,1173.5242,8245590
20230530,1167.6615,1176.5298,1151.6493,1167.3167,1360051
20230531,1165.198,1175.6429,1152.1419,1164.8038,923876
20230601,1155.837,1210.8206,1155.837,1207.3225,1228214
20230602,1209.1454,1218.6542,1197.4688,1214.8606,652537
20230605,1219.1469,1225.0098,1202.1986,1208.3079,342547
20230606,1202.2476,1221.4623,1196.2369,1219.6394,386992
20230607,1228.4094,1253.8811,1223.6304,1238.9528,962461
20230608,1245.4561,1248.4615,1231.4146,1234.3215,342612
20230609,1231.661,1239.6918,1195.301,1197.7151,635421
20230612,1203.2583,1210.8307,1183.115,1200.2394,301610
20230613,1209.5934,1215.6314,1198.7051,1207.4158,486419
20230614,1204.1987,1205.3865,1193.0629,1199.7444,523635
20230615,1199.7443,1210.4345,1187.9155,1197.2201,887511
20230616,1199.6452,1247.1579,1199.2494,1242.0107,1685160
20230619,1252.8001,1257.106,1229.4892,1247.1085,354553
20230620,1265.0247,1281.8025,1247.8013,1279.13,758433
20230621,1282.7429,1309.4688,1274.9727,1289.3254,645726
20230622,1289.276,1302.6389,1257.7988,1262.9955,630696
20230623,1262.8471,1267.6973,1247.3064,1261.4613,325251
20230626,1263.045,1272.9434,1246.762,1268.4891,418525
20230627,1268.4892,1319.4663,1261.1149,1314.8635,1634789
20230628,1314.517,1324.3659,1300.857,1319.1692,999855
20230630,1318.4765,1338.7684,1307.6377,1330.8,1056830
20230703,1336.3433,1340.2531,1319.0209,1324.5145,482320
20230704,1329.0184,1329.0184,1293.3839,1301.6986,662393
20230705,1302.441,1321.446,1293.3839,1313.6262,482995
20230706,1313.6262,1332.0868,1305.2125,1326.5931,597110
20230707,1326.5931,1340.6985,1312.092,1324.0691,640267
20230710,1324.0196,1332.7797,1308.479,1329.1669,671900
20230711,1332.3343,1343.47,1319.5652,1332.7302,597657
20230712,1331.3445,1352.8241,1320.6541,1348.4689,499719
20230713,1351.0918,1368.9586,1338.7187,1342.6781,375783
20230714,1342.2328,1364.9003,1337.7289,1361.8318,447923
20230717,1361.4853,1368.9587,1340.1542,1351.3394,364464
20230718,1355.2987,1360.7924,1330.2061,1337.927,752293
20230719,1324.5146,1373.0667,1302.639,1352.5768,1601263
20230720,1347.6273,1392.616,1333.3736,1384.4991,1363037
20230721,1391.1805,1408.8494,1374.2542,1395.239,898024
20230724,1387.8648,1395.6846,1363.6136,1373.4131,484640
20230725,1375.9866,1386.7759,1354.111,1359.1592,694314
20230726,1363.6135,1369.7011,1348.2214,1355.3978,407577
20230727,1351.0424,1369.602,1336.8875,1343.9154,468921
20230728,1346.0931,1363.5144,1343.9154,1359.8025,359852
20230731,1361.0398,1377.0753,1336.2937,1371.4332,792736
20230801,1377.8673,1377.8673,1338.4713,1348.8153,850668
20230802,1348.8153,1366.979,1338.2238,1345.0044,1068438
20230803,1344.9548,1351.8342,1318.7734,1333.6705,473287
20230804,1336.2937,1360.9903,1332.9281,1353.0221,285450
20230807,1354.2099,1407.5627,1354.2099,1384.0043,1109451
20230808,1397.6146,1405.4839,1374.0563,1401.5245,778913
20230809,1395.6845,1395.6845,1372.4231,1379.8469,404048
20230810,1378.8572,1378.8572,1335.2049,1341.6884,1588599
20230811,1350.102,1374.4524,1331.889,1356.6351,740173
20230814,1350.2011,1356.2886,1332.4333,1336.6401,322253
20230816,1331.3445,1352.0817,1323.9206,1343.2227,328308
20230817,1343.2226,1346.1922,1320.9015,1330.998,220848
20230818,1326.3951,1330.9979,1310.5575,1314.418,312677
20230821,1306.5983,1329.2162,1304.1732,1315.9523,267406
20230822,1319.2684,1334.7594,1308.281,1311.3496,262829
20230823,1312.4877,1318.2784,1297.7885,1306.9446,434785
20230824,1309.0233,1331.2455,1309.0233,1321.248,660106
20230825,1311.5476,1334.1161,1307.6871,1312.3395,279437
20230828,1301.6491,1327.0387,1301.6491,1313.8737,274467
20230829,1312.5374,1326.2963,1297.6897,1307.7861,396612
20230830,1313.5273,1316.0019,1301.6987,1309.6174,391094
20230831,1305.6084,1313.8736,1295.9079,1300.3622,837571
20230901,1301.6491,1340.7481,1301.6491,1327.7316,639870
20230904,1347.1325,1384.6973,1331.6909,1344.2125,802413
20230905,1346.1921,1350.4979,1323.9205,1332.6312,776280
20230906,1338.2734,1343.8661,1324.5145,1331.394,151416
20230907,1336.2937,1344.2124,1325.9003,1336.4916,379653
20230908,1347.6274,1347.6274,1329.7607,1335.3038,902545
20230911,1335.304,1356.0907,1331.0971,1352.7748,242519
20230912,1358.0207,1359.8025,1331.097,1336.7886,885995
20230913,1343.2227,1349.3102,1325.1579,1342.2823,244308
20230914,1345.2024,1360.941,1331.3446,1355.002,173868
20230915,1360.8419,1370.9383,1350.0525,1363.8608,733387
20230918,1368.3648,1372.8191,1350.2012,1364.2074,783162
20230920,1354.4079,1372.5716,1350.5475,1361.4358,404250
20230921,1353.2696,1364.9992,1333.7695,1341.8368,392655
20230922,1316.4968,1341.2429,1308.1326,1330.0576,577758
20230925,1332.4331,1336.6895,1295.4128,1302.5892,400488
20230926,1297.6896,1309.3699,1288.484,1295.3635,468184
20230927,1297.6898,1298.5806,1282.2976,1290.3649,435273
20230928,1267.0044,1277.6452,1253.1465,1261.3127,1191909
20230929,1266.6085,1300.6593,1262.0552,1296.2545,925827
20231003,1300.6098,1300.6098,1279.9221,1291.9982,622904
20231004,1282.8419,1296.4523,1272.9434,1290.0183,414364
20231005,1291.5526,1301.649,1281.5551,1283.5348,205623
20231006,1287.5438,1312.9828,1282.5946,1306.252,404115
20231009,1301.5995,1307.2417,1281.9016,1285.3661,120033
20231010,1293.7302,1310.3101,1279.031,1300.8571,461070
20231011,1306.5983,1311.2506,1293.1859,1300.2139,306389
20231012,1303.6288,1315.804,1299.0755,1311.4486,477626
20231013,1306.5984,1322.337,1297.0463,1300.6097,293987
20231016,1299.6694,1328.8204,1299.6694,1323.9702,298736
20231017,1326.3952,1350.5969,1322.9307,1346.5386,601632
20231018,1348.2214,1354.5069,1331.4434,1344.757,252462
20231019,1356.8825,1394.1502,1347.9244,1357.7733,1120954
20231020,1357.7239,1383.8064,1345.9447,1374.0564,496087
20231023,1374.0565,1404.9892,1365.5438,1384.8458,1275080
20231025,1384.8953,1395.9321,1357.1301,1364.3065,511978
20231026,1348.5183,1360.6439,1331.7404,1341.8864,368083
20231027,1346.2081,1358.5773,1341.4889,1348.5428,347173
20231030,1343.7243,1349.884,1323.6057,1345.7113,222640
20231031,1345.7113,1375.8147,1343.2275,1364.8861,519546
20231101,1364.6378,1376.4109,1346.0095,1348.99,197008
20231102,1352.2685,1369.7047,1346.2081,1362.005,349810
20231103,1368.8106,1368.8106,1351.1757,1353.8582,131204
20231106,1354.1563,1375.6658,1343.7244,1366.9229,418854
20231107,1366.0783,1381.13,1348.6919,1370.6484,611603
20231108,1370.6485,1375.9141,1352.4176,1359.1238,290849
20231109,1358.18,1360.5147,1345.2146,1348.3938,179012
20231110,1341.2406,1353.6097,1335.2795,1343.476,285344
20231113,1352.815,1356.0935,1327.3314,1350.2815,675464
20231115,1365.0351,1393.8966,1351.3743,1386.495,627341
20231116,1390.8168,1397.8707,1383.1171,1390.5187,439134
20231117,1394.6915,1474.4704,1391.9097,1436.7667,2327051
20231120,1436.7668,1441.8336,1410.7864,1436.717,717176
20231121,1439.5982,1475.3646,1439.0517,1455.246,757349
20231122,1460.4619,1465.2804,1429.514,1439.6975,206343
20231123,1439.3001,1467.5656,1426.5335,1429.6631,499224
20231124,1425.093,1440.5918,1417.3436,1429.1664,701500
20231128,1430.6566,1448.3908,1423.7517,1440.691,1106120
20231129,1446.4535,1447.0993,1423.1555,1431.2527,851718
20231130,1426.931,1480.3322,1426.931,1470.3971,1003720
20231201,1482.3192,1482.3192,1440.1447,1448.1921,454189
20231204,1455.3951,1470.6952,1435.2268,1461.3562,589575
20231205,1461.4058,1477.7988,1444.5658,1456.8357,677843
20231206,1459.4187,1461.2568,1430.3089,1436.3196,313506
20231207,1429.7129,1444.7149,1429.7129,1440.0453,225090
20231208,1444.7148,1445.6586,1430.7063,1439.9956,287248
20231211,1431.7495,1449.3347,1431.7495,1437.6112,472341
20231212,1452.812,1463.989,1438.6047,1445.907,765001
20231213,1444.5658,1446.0561,1419.6783,1443.9697,386336
20231214,1455.4944,1457.4814,1436.6177,1453.4576,655313
20231215,1461.0085,1463.3928,1438.3564,1442.2311,423327
20231218,1433.6869,1454.2028,1423.553,1439.9459,459786
20231219,1439.9459,1442.4794,1426.2355,1432.6934,561481
20231220,1435.8228,1444.218,1398.9635,1404.0304,409956
20231221,1402.8384,1405.8189,1377.8019,1396.6289,234544
20231222,1403.9311,1418.9331,1396.6289,1413.3695,230698
20231226,1413.7669,1430.0108,1393.8966,1406.9116,398150
20231227,1410.5878,1422.7085,1401.4971,1405.8188,326744
20231228,1419.7281,1431.6502,1407.1105,1427.6761,239294
20231229,1418.6848,1418.6848,1400.901,1410.8857,289414
20240101,1419.728,1434.0346,1410.7864,1427.8748,156358
20240102,1433.6372,1439.5485,1406.3653,1410.1903,491395
20240103,1407.8556,1410.1904,1364.7868,1369.059,701759
20240104,1371.0957,1388.9292,1366.0784,1384.1603,581309
20240105,1385.7499,1389.4756,1376.4109,1386.5447,296418
20240108,1385.9486,1396.6288,1370.0524,1386.5944,659991
20240109,1387.4886,1410.7864,1375.02,1385.9486,855991
20240110,1385.9486,1385.9486,1368.4628,1379.0437,639538
20240111,1378.994,1389.6743,1376.3116,1384.21,302118
20240112,1382.0243,1387.7866,1372.0395,1385.0544,446952
20240115,1401.8448,1407.9549,1361.8062,1363.8927,781961
20240116,1363.8926,1374.2251,1344.7178,1365.2834,1288819
20240117,1400.901,1466.423,1400.901,1445.0128,5235862
20240118,1444.5659,1452.663,1413.767,1430.7064,503202
20240119,1445.5095,1492.2543,1425.5897,1477.3019,1134043
20240123,1480.3323,1490.019,1441.1879,1469.6023,1546007
20240124,1465.4295,1503.183,1462.6974,1498.7122,594375
20240125,1498.7122,1500.1527,1466.4728,1472.5828,324540
20240129,1472.5827,1486.1442,1459.2697,1479.1896,374957
20240130,1483.1141,1510.6343,1475.2653,1489.9692,805250
20240131,1489.9692,1495.2349,1480.1831,1487.3861,506409
20240201,1488.8267,1507.6537,1484.4055,1502.5371,339207
20240202,1514.1116,1514.1116,1482.6173,1489.3235,335712
20240205,1490.2673,1511.4291,1490.2673,1508.7466,379612
20240206,1512.1245,1585.0483,1509.2433,1580.6271,1019177
20240207,1589.5192,1616.5426,1584.8,1614.0588,1029393
20240208,1614.0588,1629.8059,1601.5406,1610.1841,831036
20240209,1610.0847,1633.5316,1596.6723,1627.7693,626195
20240212,1639.2941,1648.7822,1601.0937,1604.8193,644401
20240213,1604.4714,1636.4128,1593.8906,1620.0696,669899
20240214,1589.6184,1634.3264,1589.6184,1628.9614,238109
20240215,1628.9615,1648.9311,1605.5147,1638.847,329883
20240216,1644.0629,1652.1599,1627.8686,1634.7239,783069
20240219,1634.8232,1639.0456,1624.441,1632.2897,661296
20240220,1621.4108,1645.6525,1616.7413,1638.2507,894551
20240221,1648.1363,1656.1837,1629.3589,1633.8794,511833
20240222,1624.8881,1641.9765,1610.4822,1635.5684,394970
20240223,1644.0629,1644.0629,1610.6312,1628.6138,301727
20240226,1629.3589,1654.1966,1619.4735,1639.8405,347806
20240227,1654.296,1722.749,1646.497,1715.546,3828778
20240228,1714.801,1723.6433,1677.4946,1713.261,2135960
20240229,1708.8398,1713.2609,1659.9591,1700.6433,3109844
20240301,1713.2112,1713.2112,1624.441,1633.1838,1532835
20240304,1641.2314,1644.1623,1614.5556,1639.3934,861437
20240305,1639.3437,1649.2291,1631.3459,1641.728,665170
20240306,1643.1687,1659.81,1622.454,1645.0564,850658
20240307,1634.4258,1659.1642,1628.7131,1655.3392,907857
20240311,1655.3393,1687.9762,1634.4259,1643.6158,589504
20240312,1643.6158,1683.406,1618.629,1650.322,1272822
20240313,1658.9655,1667.9072,1625.4345,1632.5878,1712838
20240314,1621.3611,1654.7432,1600.5471,1651.1168,482962
20240315,1622.4541,1677.7926,1622.4541,1640.6353,484001
20240318,1635.32,1651.6136,1633.0348,1645.6028,1258890
20240319,1649.2291,1657.1274,1632.538,1646.2485,661062
20240320,1642.7215,1654.9417,1610.5318,1629.7562,404017
20240321,1639.2941,1666.1686,1625.534,1662.1946,382800
20240322,1663.8336,1670.4902,1646.2485,1659.0151,363547
20240326,1659.0152,1660.1578,1611.4757,1637.5554,1816648
20240327,1649.2292,1659.065,1640.3374,1651.8621,209280
20240328,1641.8275,1682.015,1641.8275,1673.5702,687954
20240401,1697.9113,1706.0084,1679.3327,1686.8336,296627
20240402,1688.9696,1700.7427,1669.2484,1677.9417,334235
20240403,1688.9696,1698.855,1679.0345,1681.7169,635748
20240404,1690.9566,1691.1552,1621.9572,1627.6699,665511
20240405,1636.3134,1716.7878,1636.3134,1706.6541,1085353
20240408,1716.788,1716.788,1692.5463,1699.6002,378044
20240409,1713.8074,1716.788,1667.1621,1691.2548,626217
20240410,1698.9047,1708.8398,1670.0929,1675.9049,148122
20240412,1680.0281,1685.3931,1644.8081,1656.3824,311722
20240415,1636.512,1647.242,1601.0437,1619.7218,385070
20240416,1606.7067,1682.7104,1606.7067,1637.9528,1708675
20240418,1698.9048,1735.6648,1660.5056,1699.0042,4921694
20240419,1699.0041,1727.9152,1663.7344,1678.7861,896851
20240422,1681.4685,1694.8313,1666.6156,1675.0604,539679
20240423,1675.0604,1693.9371,1661.1513,1684.7969,635621
20240424,1684.9955,1712.7641,1677.0475,1689.5657,597042
20240425,1703.1768,1703.1768,1671.3844,1695.7255,632326
20240426,1660.1578,1708.1941,1660.1578,1681.6674,299903
20240429,1681.6674,1699.4512,1663.4364,1694.583,564034
20240430,1703.6239,1718.2285,1682.1144,1699.5505,1438902
20240502,1699.3518,1724.0406,1684.1511,1688.8206,320184
20240503,1696.6196,1696.6196,1630.7995,1662.5422,774101
20240506,1663.9332,1676.8985,1641.5295,1670.4407,847317
20240507,1671.7817,1708.79,1655.9353,1674.1166,962627
20240508,1664.3802,1716.6389,1659.1643,1711.3236,819541
20240509,1716.3905,1719.7684,1634.1774,1640.834,548189
20240510,1653.2031,1684.449,1636.3632,1650.7194,478772
20240513,1657.1275,1677.5939,1635.7174,1673.2224,379122
20240514,1673.0237,1689.218,1658.5682,1672.8748,326910
20240515,1668.0562,1673.9179,1639.2444,1642.1753,327336
20240516,1644.2118,1669.0994,1640.3868,1665.9202,389375
20240517,1665.9201,1672.2289,1650.8187,1658.7172,400085
20240521,1663.3867,1665.026,1614.4562,1637.158,547370
20240522,1630.5511,1640.6353,1627.2228,1637.0089,457808
20240523,1638.3005,1654.147,1626.4281,1650.6201,235391
20240524,1650.6202,1662.2442,1636.0652,1649.1299,745275
20240527,1639.3934,1656.1341,1604.5212,1613.0157,692685
20240528,1614.4562,1632.8859,1601.5406,1624.5404,527439
20240529,1629.3092,1629.6073,1578.044,1586.4889,556931
20240530,1584.4523,1598.4608,1569.2515,1575.8584,218899
20240531,1575.0635,1587.8799,1557.081,1570.4934,2548278
20240603,1619.4237,1619.4237,1577.7459,1590.2642,817180
20240604,1584.6509,1600.1994,1470.8938,1526.2821,1917683
20240605,1520.5197,1623.9443,1520.5197,1619.8708,847914
20240606,1619.5728,1639.0456,1605.1172,1634.1278,716813
20240607,1637.9169,1655.5166,1625.7018,1650.4312,363770
20240610,1650.4311,1685.1318,1640.4596,1675.3099,278537
20240611,1675.2103,1675.4097,1636.3215,1640.6591,622014
20240612,1650.1819,1664.0423,1640.4597,1650.2816,281407
20240613,1660.2531,1670.1747,1646.293,1657.9596,206868
20240614,1684.1846,1761.9124,1636.3215,1725.9652,5530486
20240618,1726.0649,1778.9138,1725.0179,1740.2743,3501765
20240619,1748.0022,1776.9195,1737.0335,1754.7329,2946420
20240620,1755.7301,1755.7301,1705.0749,1743.3157,1459465
20240621,1740.025,1772.9309,1736.6347,1751.8412,1163546
20240624,1749.7472,1781.7557,1726.9125,1766.4495,893193
20240625,1770.9366,1780.7087,1740.0749,1775.2244,802613
20240626,1774.9252,1798.7072,1759.8184,1781.8055,910690
20240627,1784.8967,1808.8283,1768.1445,1788.3368,1303155
20240628,1787.8881,1803.5433,1780.1103,1784.448,414902
20240701,1781.9052,1827.7741,1777.0691,1801.9479,514895
20240702,1819.747,1842.7313,1794.8682,1802.646,924021
20240703,1834.7541,1858.586,1815.0105,1847.9663,1447840
20240704,1853.6999,1856.6415,1815.8582,1822.4393,404757
20240705,1821.7413,1872.0476,1821.3426,1859.7328,599567
20240708,1859.7327,1866.3637,1826.2783,1833.707,534239
20240709,1833.757,1870.7512,1833.757,1851.955,699638
20240710,1856.6415,1879.1771,1816.8054,1872.3965,928915
20240711,1873.4436,1880.8224,1858.6857,1868.8566,400733
20240712,1868.8566,1872.945,1852.9521,1859.9821,126088
20240715,1861.8268,1875.5874,1848.2656,1871.3495,181341
20240716,1859.6829,1897.8737,1857.2399,1867.7598,981612
20240718,1870.2526,1910.5374,1858.586,1905.103,1156392
20240719,1894.633,1908.9918,1862.8737,1876.0361,648489
20240722,1887.603,1908.5432,1856.1928,1890.8937,1590295
20240723,1914.5261,1919.5119,1851.5561,1874.9891,1213581
20240724,1874.9891,1917.0688,1871.6985,1904.2056,947140
20240725,1896.5774,1959.3978,1881.321,1954.9106,1248295
20240726,1952.4177,1974.4049,1946.6342,1961.6913,796946
20240729,1963.3863,1997.2894,1952.2681,1962.3892,1376808
20240730,1957.8024,1998.2866,1917.3679,1961.9406,1466306
20240731,1954.412,2014.241,1953.9135,2002.0758,956425
20240801,2018.8777,2025.2095,1987.8664,1998.6355,397222
20240802,1978.3436,2002.0758,1971.3635,1977.6456,238801
20240805,1953.9134,1990.758,1909.5902,1933.6713,505232
20240806,1944.4405,1973.2082,1899.6187,1907.7953,493145
20240807,1928.4861,1947.1827,1923.5004,1929.5332,667189
20240808,1931.4776,1976.2994,1930.4805,1964.3835,993016
20240809,1974.355,1984.2765,1955.1598,1960.345,721536
20240812,1967.6742,1979.3407,1937.4605,1945.8864,611318
20240813,1951.3209,1985.6726,1924.4975,1941.6984,974239
20240814,1941.4491,1974.355,1934.5189,1972.3108,749866
20240816,1997.5387,2040.9646,1971.3137,2030.8933,1194117
20240819,2037.6241,2044.1554,1987.3679,2008.308,570280
20240820,2018.9276,2080.0529,2006.3636,2058.1655,1634070
20240821,2064.0984,2064.1483,2040.815,2054.0271,624633
20240822,2054.1269,2085.0386,2043.9062,2077.2607,923088
20240823,2083.4929,2113.2579,2079.1554,2090.822,703497
20240826,2101.9901,2121.6339,2074.2693,2116.1995,995347
20240827,2117.9445,2153.8419,2095.5087,2147.2109,1057812
20240828,2157.7804,2164.7604,2127.168,2135.7932,618057
20240829,2133.8989,2141.228,2104.9815,2132.2537,611596
20240830,2143.2719,2176.7762,2121.0357,2135.6438,2816240
20240902,2135.8932,2201.4059,2135.8932,2179.4187,746937
20240903,2188.5426,2210.2805,2142.1252,2201.8047,798222
20240904,2196.3701,2256.5482,2183.8062,2244.2832,1189741
20240905,2248.5709,2277.4882,2238.0509,2249.0195,1041552
20240906,2252.5595,2278.4853,2241.0423,2255.2517,828004
20240909,2255.1024,2266.9684,2175.7792,2226.0354,604737
20240910,2222.2463,2237.0538,2139.2833,2154.9387,1525808
20240911,2165.4088,2173.5355,2119.7893,2123.8774,492325
20240912,2135.8433,2150.8505,2105.9788,2116.3989,766593
20240913,2118.8419,2135.1952,2099.0486,2103.2366,341976
20240916,2107.9729,2110.0171,2081.0499,2088.9272,294160
20240917,2088.9274,2107.2751,2070.5799,2097.0044,542676
20240918,2100.9928,2140.8289,2084.7892,2134.3474,602154
20240919,2143.8703,2213.6708,2141.9259,2193.7278,2268811
20240920,2213.6707,2248.0723,2196.37,2227.6807,1452094
20240923,2233.6138,2295.3372,2229.2264,2268.7134,458636
20240924,2263.5281,2285.3159,2209.6821,2219.6536,714781
20240925,2224.5895,2268.2647,2209.4828,2261.5339,383695
20240926,2268.4642,2272.3033,2230.7719,2251.064,385086
20240927,2251.0637,2252.5595,2193.8771,2231.7688,1640821
20240930,2230.1237,2233.4144,2151.349,2168.2007,1521922
20241001,2161.8688,2207.9371,2138.8845,2147.759,381613
20241003,2133.7494,2167.7521,2123.4788,2129.1125,444205
20241004,2133.8988,2153.7919,2110.8646,2120.5371,470353
20241007,2143.8702,2159.6252,2074.5684,2094.8105,448450
20241008,2094.8106,2112.3603,2054.1269,2094.1624,1041555
20241009,2107.9731,2112.7095,2064.0985,2077.8093,411516
20241010,2092.0185,2108.97,2069.2835,2074.0698,236249
20241011,2088.03,2088.03,2055.2239,2061.4561,449392
20241014,2059.1126,2090.5228,2044.654,2083.3933,325426
20241015,2093.0156,2128.1651,2077.1112,2097.2036,719252
20241016,2105.8293,2138.8847,2058.5643,2069.6826,585502
20241017,2078.557,2078.557,2027.0045,2034.6326,665718
20241018,2037.1754,2037.1754,1982.8807,2015.1882,508530
20241021,2028.201,2088.379,2002.325,2018.5785,1651160
20241022,2015.2381,2037.7238,1970.2667,1980.5872,1256193
20241023,1980.9861,1998.2866,1945.0388,1953.365,456048
20241024,1959.3978,1974.3551,1941.2995,1950.1742,708334
20241025,1950.2241,1951.6699,1911.3353,1923.65,468694
20241028,1911.6,1928.7,1878.0,1896.0,691000
20241029,1899.8,1925.0,1870.6,1913.3,1098306
20241030,1913.35,1956.2,1901.9,1927.9,911491
20241031,1934.8,1954.1,1880.05,1917.35,992543
20241101,1934.0,1946.0,1905.45,1916.3,35076
20241104,1908.5,1912.0,1858.05,1870.85,674361
20241105,1870.0,1941.0,1843.85,1916.05,902841
20241106,1930.0,1950.8,1918.6,1933.7,374768
20241107,1943.9,2003.75,1905.15,1916.5,238211
20241108,1913.15,1923.5,1897.95,1910.15,243163
20241111,1893.0,1932.0,1881.0,1921.1,259334
20241112,1931.2,1933.1,1875.0,1892.25,859956
20241113,1876.0,1892.5,1864.0,1868.2,257151
20241114,1850.05,1894.35,1849.85,1863.4,308495
20241118,1870.05,1873.2,1834.55,1839.45,631045
20241119,1843.9,1848.9,1789.05,1840.9,1196590
20241121,1840.95,1846.7,1801.0,1804.7,425435
20241122,1804.7,1967.1,1800.0,1837.5,502559
20241125,1851.95,1864.8,1826.15,1836.9,1161035
20241126,1840.0,1872.15,1834.75,1854.45,651862
20241127,1855.0,1871.6,1832.1,1863.75,290072
20241128,1871.0,1888.8,1849.5,1871.1,548196
20241129,1880.0,1888.8,1846.05,1861.85,519925
20241202,1869.75,1889.85,1822.7,1834.1,345387
20241203,1850.1,1900.0,1834.1,1896.35,579822
20241204,1896.35,1954.15,1882.85,1950.85,1024603
20241205,1950.8,1954.85,1921.35,1932.7,569643
20241206,1940.0,1957.8,1930.6,1949.9,696971
20241209,1945.0,1975.0,1935.4,1962.2,454299
20241210,1969.0,1969.0,1927.2,1945.8,347391
20241211,1940.0,1958.9,1930.55,1948.65,299853
20241212,1948.9,1971.65,1934.0,1961.35,321119
20241213,1968.0,1991.95,1947.35,1983.35,467454
20241216,1989.2,1998.5,1953.85,1963.8,509005
20241217,1964.0,1965.0,1903.0,1917.3,298909
20241218,1915.0,1932.0,1868.0,1874.7,389120
20241219,1861.0,1905.0,1840.55,1898.0,1083512
20241220,1893.0,1925.0,1884.9,1902.15,398594
20241223,1895.15,1899.0,1854.5,1862.05,1415336
20241224,1862.0,1885.05,1834.55,1868.95,896972
20241226,1869.95,1884.45,1850.15,1861.15,118252
20241227,1865.0,1872.0,1822.1,1832.45,476041
20241230,1832.45,1832.45,1791.0,1806.8,1866664
20241231,1815.0,1818.15,1739.8,1787.75,508209
20250101,1783.8,1813.55,1763.75,1809.45,325526
20250102,1809.45,1840.8,1786.5,1832.9,791676
20250103,1842.5,1843.9,1803.75,1838.2,900919
20250106,1844.7,1846.45,1799.7,1812.75,788231
20250107,1805.5,1891.1,1805.15,1883.7,1142167
20250108,1874.15,1885.95,1846.9,1859.2,648480
20250109,1858.65,1901.7,1850.05,1888.25,498197
20250110,1894.05,1900.0,1855.55,1877.6,501354
20250113,1874.9,1887.95,1818.0,1836.95,993052
20250114,1835.7,1872.6,1818.1,1831.2,322102
20250115,1840.4,1908.0,1800.0,1894.55,528556
20250116,1899.9,1930.0,1867.35,1907.9,546624
20250117,1907.9,1966.0,1907.9,1948.75,830712
20250120,1980.0,2014.95,1910.0,1922.7,1491930
20250121,1928.0,1952.9,1893.9,1902.5,1132137
20250122,1909.05,1918.85,1842.35,1849.9,485715
20250123,1849.9,1853.0,1819.15,1834.1,747789
20250124,1839.0,1841.85,1805.0,1815.65,429489
20250127,1790.45,1812.15,1771.3,1778.7,416775
20250128,1779.95,1796.0,1745.1,1774.7,910568
20250129,1775.0,1850.0,1757.25,1841.5,792094
20250130,1835.25,1871.0,1826.65,1845.5,318201
20250131,1840.0,1880.1,1835.05,1858.5,524180
20250203,1894.0,1900.0,1847.0,1885.35,707120
20250204,1895.0,1898.95,1863.25,1874.4,255868
20250205,1883.15,1894.0,1847.1,1854.65,559179
20250206,1861.0,1869.9,1823.15,1827.9,228070
20250207,1839.0,1851.2,1810.85,1826.95,352126
20250210,1809.0,1890.9,1809.0,1828.45,378452
20250211,1826.85,1830.95,1773.7,1795.1,950495
20250212,1784.1,1807.95,1749.35,1764.8,905327
20250213,1779.9,1800.0,1756.2,1776.85,309112
20250214,1779.9,1784.15,1729.95,1737.95,439130
20250217,1732.15,1737.55,1708.4,1725.05,335084
20250218,1736.0,1749.85,1709.05,1738.4,336707
20250219,1739.0,1750.5,1717.2,1728.95,545419
20250220,1730.0,1748.0,1721.95,1727.3,501605
20250221,1730.0,1742.45,1715.0,1733.1,974392
20250224,1729.0,1729.0,1705.0,1710.85,557421
20250225,1715.55,1732.75,1677.9,1687.75,1489542
20250227,1682.2,1735.0,1676.25,1701.2,963101
